Tournament,Date,Player1,Score1,Player2,Score2,Player3,Score3,Player4,Score4,Player_Count
International S34 - Bronze 10 game 1,2026-06-10,JohnyT,247,loMucho,241,z0pfel,197.0,,,3
International S34 - Bronze 10 game 2,2026-06-10,loMucho,188,Archangel,174,Michcio,168.0,,,3
International S34 - Bronze 17 game 2,2026-06-10,Pigeonpostman,281,Pshemo,280,tronnemann,261.0,,,3
International S34 - Bronze 3 game 1,2026-06-10,Watlersen,246,kaeptnblaubaer,197,DonStino,-3.0,,,3
International S34 - Bronze 8 game 2,2026-06-10,ksfga,179,CloneFish,167,Pulpecja,157.0,,,3
International S34 - Bronze 9 game 1,2026-06-10,Sakic19,198,Francesco1812,162,klokwork,154.0,,,3
International S34 - Grandmaster game 1,2026-06-10,Eepogi,201,Grozz,190,Martin_Pecheur,156.0,,,3
International S34 - Bronze 31 game 1,2026-06-11,SKJaCaRD,356,HRG,285,tanman,252.0,,,3
International S34 - Silver 11 game 2,2026-06-11,Kuter,192,LeonidasI,179,RoxasVen,175.0,,,3
International S34 - Silver 6 game 2,2026-06-11,LittleBob,204,Trond79,184,Kor,178.0,,,3
International S34 - Bronze 12 game 1,2026-06-12,Tasku,300,Purplegoo,262,Alistair,221.0,,,3
International S34 - Gold 6 game 2,2026-06-12,Nightvayne,149,BlixLT,149,arthurlam90,137.0,,,3
International S34 - Gold 7 game 2,2026-06-12,Romendil,194,Kimmo,182,Gagic,161.0,,,3
International S34 - Silver 9 game 1,2026-06-12,Budde,173,Ti-Guy_Latour,166,khyung,-3.0,,,3
International S34 - Silver 9 game 2,2026-06-12,Budde,163,Rolls.Royal,130,Notbot66,-3.0,,,3
International S34 - Bronze 27 game 8,2026-06-13,BuWu,236,Dumnac,188,Mammaklaskern,187.0,GregoryD,186.0,4
International S34 - Bronze 28 game 2,2026-06-13,ArthursDad,348,Victory7,272,abobey,240.0,,,3
International S34 - Bronze 9 game 2,2026-06-13,Hotti180,239,Sakic19,207,Olunia,90.0,,,3
International S34 - Silver 13 game 2,2026-06-13,brainac,234,Mike1313,147,Alfonsillo,103.0,,,3
International S34 - Wood 5 game 9,2026-06-13,Vi15So17,198,DaddySparky,188,PacoHolliday,137.0,ThomasM,128.0,4
International S34 - Bronze 12 game 2,2026-06-14,Thomi,278,RiRu,233,Alistair,224.0,,,3
International S34 - Bronze 18 game 1,2026-06-14,t-k-421,180,Conzi,157,Terence,145.0,,,3
International S34 - Bronze 21 game 2,2026-06-14,snakilan,277,DucciEmi,152,Ekdezel,111.0,,,3
International S34 - Bronze 27 game 9,2026-06-14,nathanb,271,Sergeeeee,231,GregoryD,198.0,Dumnac,32.0,4
International S34 - Bronze 28 game 1,2026-06-14,Victory7,196,Daniii,172,Izayoi,159.0,,,3
International S34 - Bronze 6 game 2,2026-06-14,Asperins,200,Clarinachos,141,MechJayTi2,118.0,,,3
International S34 - Bronze 8 game 1,2026-06-14,ksfga,227,LordTheodore,132,ChipsAhoya,125.0,,,3
International S34 - Gold 5 game 2,2026-06-14,jezza101,200,PhiTrigger,182,maxolino,110.0,,,3
International S34 - Silver 10 game 1,2026-06-14,Banderjax,189,Gyphon,166,fathope,160.0,,,3
International S34 - Silver 7 game 1,2026-06-14,Spence2102,249,flutter,208,Magesolo,168.0,,,3
International S34 - Silver 9 game 9,2026-06-14,daggsea,267,khyung,239,belowfox,231.0,Ti-Guy_Latour,141.0,4
International S34 - Bronze 23 game 1,2026-06-15,jmcj,259,seviech,235,bcnoexceptions,228.0,,,3
International S34 - Bronze 24 game 2,2026-06-15,martinxjames,253,dubler,225,Cleveman,145.0,,,3
International S34 - Bronze 27 game 2,2026-06-15,Mammaklaskern,185,opatulony,182,BuWu,114.0,,,3
International S34 - Bronze 3 game 2,2026-06-15,MysteriousWizard,213,kaeptnblaubaer,111,nattee,85.0,,,3
International S34 - Bronze 30 game 2,2026-06-15,Darain,279,dougthonus,110,kev5047,85.0,,,3
International S34 - Bronze 6 game 1,2026-06-15,SimTubez,273,Asperins,232,Proteus,174.0,,,3
International S34 - Gold 1 game 1,2026-06-15,heisenberg_97,132,Ristey,132,jingjing123,-5.0,,,3
International S34 - Gold 1 game 2,2026-06-15,Brightfuture,250,MartinW,177,heisenberg_97,170.0,,,3
International S34 - Gold 2 game 1,2026-06-15,TorbenOfHerpes,216,LordPeter,191,FirstOfDao,174.0,,,3
International S34 - Platinum 3 game 1,2026-06-15,Doughnut,335,Spartan1337,279,Raffaello,265.0,,,3
International S34 - Silver 11 game 1,2026-06-15,roverandom,210,LeonidasI,192,Garghiii,165.0,,,3
International S34 - Silver 12 game 2,2026-06-15,Cooper,180,Dragonite,154,occupied,141.0,,,3
International S34 - Silver 5 game 2,2026-06-15,Mattian12000,229,Depp,198,Flackk,145.0,,,3
International S34 - Silver 7 game 2,2026-06-15,Magesolo,151,jSan,143,Tyrtaios,88.0,,,3
International S34 - Silver 9 game 8,2026-06-15,belowfox,235,Rolls.Royal,189,daggsea,126.0,Notbot66,120.0,4
International S34 - Wood 11 game 2,2026-06-15,CyberRFG,270,Exile,135,peppe76,-5.0,,,3
International S34 - Bronze 10 game 9,2026-06-16,Marabu8,250,Sarek,214,z0pfel,182.0,JohnyT,165.0,4
International S34 - Bronze 11 game 1,2026-06-16,SeanHandley,145,zackg,121,comant,120.0,,,3
International S34 - Bronze 13 game 2,2026-06-16,decoy1980,253,TheKrunk,236,Darek79,202.0,,,3
International S34 - Bronze 18 game 2,2026-06-16,t-k-421,286,CRocky,267,GerwinW,224.0,,,3
International S34 - Bronze 18 game 8,2026-06-16,scaggi,332,vito,269,GerwinW,247.0,CRocky,-5.0,4
International S34 - Bronze 18 game 9,2026-06-16,scaggi,276,vito,276,Conzi,243.0,Terence,171.0,4
International S34 - Bronze 25 game 9,2026-06-16,migoet,143,Chris10,134,Shiffdog,102.0,LoreNacho,-5.0,4
International S34 - Bronze 26 game 2,2026-06-16,boogy5,169,Kajdi,151,Vinny6060,115.0,,,3
International S34 - Bronze 27 game 3,2026-06-16,Sergeeeee,237,BuWu,223,Dumnac,218.0,,,3
International S34 - Bronze 29 game 1,2026-06-16,dfarhi,164,Rob13,146,FiveGee,116.0,,,3
International S34 - Bronze 3 game 9,2026-06-16,DieKrake89,180,Otto_von_Bismarck,179,Watlersen,158.0,DonStino,111.0,4
International S34 - Bronze 31 game 9,2026-06-16,Daemon3142,295,tanman,281,SKJaCaRD,239.0,nkbobo,-5.0,4
International S34 - Bronze 4 game 2,2026-06-16,Gubbstyv,239,amadeo,207,wittr,132.0,,,3
International S34 - Bronze 5 game 1,2026-06-16,xYotsuba,303,Bergen,210,CrystalPete420,149.0,,,3
International S34 - Bronze 5 game 2,2026-06-16,collace,217,Bergen,200,javimb89,181.0,,,3
International S34 - Bronze 8 game 8,2026-06-16,Vortex1612,319,CloneFish,258,EnozamaIV,246.0,Pulpecja,133.0,4
International S34 - Silver 3 game 9,2026-06-16,maunzzz,148,DB.Starman,101,brunoerwin,93.0,haimke,59.0,4
International S34 - Wood 3 game 1,2026-06-16,vbogoev,239,xeveli,181,Jesaphi,141.0,,,3
International S34 - Wood 5 game 1,2026-06-16,PacoHolliday,290,Garban7,235,Vi15So17,208.0,,,3
International S34 - Wood 7 game 1,2026-06-16,Gr33ny,223,NoJoVin,194,Peaceminusone,174.0,,,3
International S34 - Wood 7 game 9,2026-06-16,NoJoVin,295,OodOok,267,AnBeLi3v4bLe,251.0,Peaceminusone,185.0,4
International S34 - Bronze 14 game 1,2026-06-17,nerficya,241,HopeForLuck,194,Bookhouseboy,171.0,,,3
International S34 - Bronze 27 game 1,2026-06-17,Sergeeeee,196,opatulony,141,nathanb,138.0,,,3
International S34 - Bronze 31 game 2,2026-06-17,MrGekz,247,HRG,199,Teadiddy14,-5.0,,,3
International S34 - Bronze 32 game 1,2026-06-17,Monik,295,Mul,265,ZioKhan,209.0,,,3
International S34 - Bronze 32 game 2,2026-06-17,JoopHuizinga,225,Mul,222,Drizzt84,173.0,,,3
International S34 - Gold 2 game 2,2026-06-17,Shagrat,192,LordPeter,175,FreddyCrugerKiller,155.0,,,3
International S34 - Gold 2 game 9,2026-06-17,FirstOfDao,214,jhutc,185,HCsquared,167.0,TorbenOfHerpes,145.0,4
International S34 - Gold 6 game 1,2026-06-17,BlixLT,281,NFGM,245,Praetorianer,211.0,,,3
International S34 - Gold 8 game 8,2026-06-17,Hisbossness,262,funnytortoise,214,ed_vins,169.0,jRune,89.0,4
International S34 - Silver 1 game 2,2026-06-17,JoshyWiggins,181,DarthVaderDLotS,155,Shincham,142.0,,,3
International S34 - Silver 10 game 2,2026-06-17,Gyphon,198,LordMichael,188,Ddafaith,159.0,,,3
International S34 - Silver 10 game 9,2026-06-17,rap2,202,fathope,158,Spoobill,147.0,Banderjax,121.0,4
International S34 - Silver 15 game 2,2026-06-17,W1TCH0R,209,Medgar,126,Shadowiscool500,-5.0,,,3
International S34 - Silver 3 game 2,2026-06-17,richardhell,218,Panthera,196,JiriHosek,137.0,,,3
International S34 - Silver 3 game 3,2026-06-17,richardhell,228,haimke,219,brunoerwin,214.0,,,3
International S34 - Silver 3 game 8,2026-06-17,richardhell,399,brunoerwin,250,maunzzz,214.0,JiriHosek,182.0,4
International S34 - Silver 6 game 1,2026-06-17,ChampDeGlace,219,Kor,216,andykr,203.0,,,3
International S34 - Silver 8 game 1,2026-06-17,TrilceAC,249,Aftheiss,249,Jonny125,226.0,,,3
International S34 - Silver 8 game 2,2026-06-17,TrilceAC,207,Skaiwalker,202,Aaronwebber,169.0,,,3
International S34 - Wood 10 game 1,2026-06-17,KMMAL,215,Larsusvonundzu,184,Fullynice,157.0,,,3
International S34 - Wood 10 game 2,2026-06-17,Bizniouf,233,Larsusvonundzu,203,Suddoman,165.0,,,3
International S34 - Wood 2 game 3,2026-06-17,Cromlech,287,Kejml,201,DBaker17,-5.0,,,3
International S34 - Wood 2 game 8,2026-06-17,Vegeta4791,279,Kejml,171,Jmstoic,169.0,DBaker17,-5.0,4
International S34 - Wood 2 game 9,2026-06-17,Kejml,219,Jmstoic,213,Cromlech,148.0,Dvd75,137.0,4
International S34 - Wood 4 game 8,2026-06-17,Sirovec,214,Geegs,211,N4F,-5.0,RodaxIII,-5.0,4
International S34 - Bronze 10 game 8,2026-06-18,Archangel,191,Marabu8,180,Sarek,154.0,Michcio,145.0,4
International S34 - Bronze 16 game 2,2026-06-18,MyriamVanErum,272,Bathman,271,RobertdeSable,206.0,,,3
International S34 - Bronze 2 game 1,2026-06-18,peposqui,195,Saerleon,113,micropip,100.0,,,3
International S34 - Bronze 23 game 2,2026-06-18,bcnoexceptions,234,OhNoItsNot,199,Jolli,-5.0,,,3
International S34 - Bronze 28 game 8,2026-06-18,irule,198,ArthursDad,186,ElTanque35,181.0,abobey,-5.0,4
International S34 - Bronze 31 game 8,2026-06-18,MrGekz,296,Daemon3142,238,nkbobo,-5.0,Teadiddy14,-5.0,4
International S34 - Gold 5 game 1,2026-06-18,Kay,183,jezza101,176,jacksonray,149.0,,,3
International S34 - Gold 7 game 8,2026-06-18,Obinger_Alphons,260,Kimmo,239,Romendil,202.0,Attrill20,185.0,4
International S34 - Master 1 game 2,2026-06-18,yaop,259,Majondor,253,Tamirys,231.0,,,3
International S34 - Silver 13 game 1,2026-06-18,Dvale112,408,MurphyAKL,275,Alfonsillo,247.0,,,3
International S34 - Silver 14 game 2,2026-06-18,Dovi,201,holy834,188,GoblinMatron,129.0,,,3
International S34 - Silver 4 game 2,2026-06-18,DarKStyle,211,LT.Stuntovic,153,Herdeksunek,136.0,,,3
International S34 - Silver 5 game 1,2026-06-18,Vangelisb,318,Depp,309,Dayvs,255.0,,,3
International S34 - Wood 1 game 1,2026-06-18,Wiktor,240,Claudius74,220,Dunketelin,193.0,,,3
International S34 - Wood 1 game 2,2026-06-18,Melon6688,191,AdiQue,187,Dunketelin,146.0,,,3
International S34 - Wood 3 game 8,2026-06-18,Jume,222,buso1705,159,Crs,155.0,Saph4ir,149.0,4
International S34 - Bronze 10 game 3,2026-06-19,Marabu8,192,z0pfel,143,Archangel,132.0,,,3
International S34 - Bronze 11 game 2,2026-06-19,Rajeev,224,prozio,163,comant,154.0,,,3
International S34 - Bronze 18 game 3,2026-06-19,scaggi,191,GerwinW,175,Conzi,97.0,,,3
International S34 - Bronze 19 game 1,2026-06-19,Strawer_1982,237,GrazDozTrez,222,JohnnyMac,180.0,,,3
International S34 - Bronze 23 game 9,2026-06-19,seviech,333,sergilicious,283,Csannerud,257.0,jmcj,238.0,4
International S34 - Bronze 24 game 8,2026-06-19,Cleveman,254,Radvan,217,Bedrich_H,194.0,dubler,132.0,4
International S34 - Bronze 25 game 1,2026-06-19,Shiffdog,160,Haxxorn,153,Chris10,64.0,,,3
International S34 - Bronze 29 game 9,2026-06-19,Sophia,234,FiveGee,228,rustylantern,193.0,Rob13,173.0,4
International S34 - Bronze 8 game 3,2026-06-19,EnozamaIV,155,ChipsAhoya,122,CloneFish,117.0,,,3
International S34 - Bronze 9 game 3,2026-06-19,Stefan665,290,klokwork,271,Olunia,176.0,,,3
International S34 - Bronze 9 game 9,2026-06-19,Stefan665,203,klokwork,187,sorecats,153.0,Francesco1812,85.0,4
International S34 - Gold 6 game 8,2026-06-19,Zegs,234,Nightvayne,219,arthurlam90,218.0,zadokk,206.0,4
International S34 - Gold 8 game 3,2026-06-19,borz.zrob,269,funnytortoise,242,ed_vins,211.0,,,3
International S34 - Master 2 game 1,2026-06-19,Angor,205,mwi,196,scipio238,-3.0,,,3
International S34 - Platinum 1 game 1,2026-06-19,Doobie,257,saru,247,Turdle,238.0,,,3
International S34 - Platinum 2 game 8,2026-06-19,Huettengaudi,361,zoldaria,294,WhateverParsley,261.0,pajada,189.0,4
International S34 - Silver 1 game 1,2026-06-19,northlynx,262,Fjantarik,206,JoshyWiggins,183.0,,,3
International S34 - Silver 13 game 3,2026-06-19,Zaij,188,MurphyAKL,169,Mike1313,128.0,,,3
International S34 - Silver 6 game 10,2026-06-19,Kor,241,LittleBob,192,baodalanxin,175.0,ChampDeGlace,109.0,4
International S34 - Silver 6 game 9,2026-06-19,ChampDeGlace,225,andykr,196,baodalanxin,186.0,schwam,181.0,4
International S34 - Silver 8 game 9,2026-06-19,Aftheiss,287,Jonny125,279,KEIL,272.0,aaaaa,245.0,4
International S34 - Wood 3 game 2,2026-06-19,vbogoev,173,buso1705,164,Crs,134.0,,,3
International S34 - Wood 6 game 8,2026-06-19,ClaridadNocturna,249,Gympanse,221,BuddhaBoost,126.0,IrenaX,124.0,4
International S34 - Wood 8 game 3,2026-06-19,Mitchum,154,bobcatbob,152,Paoloco,129.0,,,3
International S34 - Wood 9 game 2,2026-06-19,Boardello,203,KorXo,197,luigino71,96.0,,,3
International S34 - Bronze 10 game 10,2026-06-20,JohnyT,225,loMucho,223,Sarek,204.0,Michcio,181.0,4
International S34 - Bronze 14 game 2,2026-06-20,Bookhouseboy,184,dragonst33d,115,vyvy,-3.0,,,3
International S34 - Bronze 16 game 1,2026-06-20,RobertdeSable,275,theussner79,233,JakubZGandalfova,221.0,,,3
International S34 - Bronze 2 game 9,2026-06-20,Saerleon,256,jdtyler7,250,Lammoth,230.0,micropip,143.0,4
International S34 - Bronze 20 game 2,2026-06-20,sttailtw,170,michasz,164,InfiniteZest,132.0,,,3
International S34 - Bronze 24 game 1,2026-06-20,martinxjames,245,Carbon14,240,monkeyml,172.0,,,3
International S34 - Bronze 26 game 1,2026-06-20,tnawrocki,351,blackwave,273,Vinny6060,246.0,,,3
International S34 - Bronze 28 game 9,2026-06-20,Izayoi,251,Daniii,245,ElTanque35,229.0,irule,198.0,4
International S34 - Bronze 6 game 9,2026-06-20,Bull3,209,AdamYedidia,178,SimTubez,151.0,Proteus,125.0,4
International S34 - Bronze 7 game 2,2026-06-20,Kroplasowy,149,Drk,21,JamesH,-3.0,,,3
International S34 - Gold 8 game 9,2026-06-20,funnytortoise,266,Xterm,198,borz.zrob,162.0,Hisbossness,116.0,4
International S34 - Platinum 2 game 9,2026-06-20,SpartacusImperator,250,zoldaria,169,Allfather,158.0,pajada,135.0,4
International S34 - Platinum 3 game 9,2026-06-20,Raffaello,267,Doughnut,248,Papaver,202.0,Kolo,178.0,4
International S34 - Silver 10 game 3,2026-06-20,LordMichael,180,Banderjax,164,Spoobill,145.0,,,3
International S34 - Silver 12 game 8,2026-06-20,Gavatron,210,Garri,205,Dragonite,200.0,occupied,195.0,4
International S34 - Silver 6 game 8,2026-06-20,LittleBob,237,Trond79,237,schwam,219.0,baodalanxin,193.0,4
International S34 - Silver 8 game 3,2026-06-20,Aaronwebber,182,Jonny125,167,KEIL,148.0,,,3
International S34 - Wood 10 game 8,2026-06-20,oldmutant,225,Bizniouf,193,Wombelbat,178.0,Suddoman,-4.0,4
International S34 - Wood 10 game 9,2026-06-20,KMMAL,244,oldmutant,164,Wombelbat,130.0,Fullynice,98.0,4
International S34 - Wood 2 game 2,2026-06-20,Samantho,180,Vegeta4791,147,DBaker17,-5.0,,,3
International S34 - Wood 5 game 3,2026-06-20,Vi15So17,245,WraightCZ,155,DaddySparky,109.0,,,3
International S34 - Bronze 1 game 1,2026-06-21,quirrell,250,Unterjochen,224,TheElk,174.0,,,3
International S34 - Bronze 11 game 9,2026-06-21,zackg,286,SeanHandley,258,pavelceska,251.0,Marinheiro,192.0,4
International S34 - Bronze 15 game 2,2026-06-21,Tukhachevsky,207,firlefanzer,182,giannisoad,134.0,,,3
International S34 - Bronze 15 game 8,2026-06-21,Tukhachevsky,337,maciek,198,Abuceb,157.0,giannisoad,136.0,4
International S34 - Bronze 21 game 1,2026-06-21,albinsix,236,snakilan,185,Ivan04,-5.0,,,3
International S34 - Bronze 21 game 8,2026-06-21,DucciEmi,267,Ekdezel,265,Dubz,257.0,Faeyon,-5.0,4
International S34 - Bronze 22 game 2,2026-06-21,Tony117,164,Tomtomparking,148,Krex,121.0,,,3
International S34 - Bronze 30 game 1,2026-06-21,sergraim,223,dougthonus,200,Seiza,-5.0,,,3
International S34 - Bronze 32 game 9,2026-06-21,Sun_Zoo,219,ZioKhan,198,LordHomeOffice,166.0,Monik,165.0,4
International S34 - Bronze 4 game 1,2026-06-21,Gubbstyv,256,G_7,241,Limdul1988,134.0,,,3
International S34 - Bronze 4 game 8,2026-06-21,wittr,247,amadeo,231,Legoman,206.0,larshb,198.0,4
International S34 - Bronze 5 game 10,2026-06-21,CrystalPete420,263,Kelern,213,collace,210.0,Bergen,158.0,4
International S34 - Bronze 5 game 8,2026-06-21,Kelern,225,collace,216,javimb89,168.0,Sengir80,-4.0,4
International S34 - Bronze 8 game 9,2026-06-21,LordTheodore,188,Vortex1612,175,ChipsAhoya,170.0,EnozamaIV,-4.0,4
International S34 - Bronze 9 game 8,2026-06-21,Hotti180,241,Stefan665,226,sorecats,166.0,Olunia,145.0,4
International S34 - Gold 8 game 2,2026-06-21,bobaboba,213,ed_vins,180,jRune,170.0,,,3
International S34 - Master 1 game 8,2026-06-21,Tamirys,211,yaop,209,Arne,198.0,Dantes,176.0,4
International S34 - Platinum 2 game 1,2026-06-21,SpartacusImperator,211,Allfather,146,Momomillion,113.0,,,3
International S34 - Silver 14 game 3,2026-06-21,henrymerrivale,212,Dovi,193,Tasso,175.0,,,3
International S34 - Silver 14 game 8,2026-06-21,henrymerrivale,264,St-Amadeus,258,holy834,218.0,Dovi,168.0,4
International S34 - Silver 2 game 2,2026-06-21,Yookie,200,Gudimundi,196,trzeciakson,181.0,,,3
International S34 - Silver 3 game 1,2026-06-21,DB.Starman,301,Panthera,232,haimke,204.0,,,3
International S34 - Silver 8 game 8,2026-06-21,Skaiwalker,221,Aaronwebber,211,aaaaa,203.0,KEIL,163.0,4
International S34 - Silver 9 game 3,2026-06-21,daggsea,192,Ti-Guy_Latour,181,Notbot66,123.0,,,3
International S34 - Wood 2 game 1,2026-06-21,Cromlech,99,Dvd75,96,Samantho,93.0,,,3
International S34 - Wood 4 game 1,2026-06-21,metternich,217,Icarium,163,aoe2champ,155.0,,,3
International S34 - Wood 6 game 2,2026-06-21,Gympanse,336,FrancoisFerdinand,323,IrenaX,289.0,,,3
International S34 - Wood 8 game 9,2026-06-21,bobcatbob,189,Kruch,177,Mitchum,165.0,Froggy42,141.0,4
International S34 - Bronze 11 game 3,2026-06-22,Rajeev,253,zackg,142,Marinheiro,114.0,,,3
International S34 - Bronze 23 game 8,2026-06-22,Csannerud,261,OhNoItsNot,230,sergilicious,189.0,Jolli,189.0,4
International S34 - Bronze 26 game 10,2026-06-22,tnawrocki,227,Kajdi,220,Kartek,217.0,Vinny6060,154.0,4
International S34 - Bronze 26 game 8,2026-06-22,Kajdi,226,Kartek,209,Mephist,194.0,boogy5,161.0,4
International S34 - Bronze 28 game 10,2026-06-22,Victory7,224,Daniii,199,ArthursDad,195.0,irule,141.0,4
International S34 - Bronze 3 game 3,2026-06-22,DieKrake89,245,nattee,233,Watlersen,149.0,,,3
International S34 - Bronze 30 game 8,2026-06-22,IpaStian,183,Darain,180,kev5047,139.0,dmhalford,-5.0,4
International S34 - Gold 7 game 1,2026-06-22,Gagic,231,BoatyMcBoatface,225,arDKee,-5.0,,,3
International S34 - Grandmaster game 9,2026-06-22,Weidenbaum,214,Genghisip,212,Martin_Pecheur,211.0,Eepogi,149.0,4
International S34 - Master 2 game 9,2026-06-22,mwi,287,Lander90,274,scipio238,258.0,takusto_II,224.0,4
International S34 - Platinum 2 game 2,2026-06-22,Momomillion,206,Huettengaudi,177,WhateverParsley,166.0,,,3
International S34 - Platinum 3 game 2,2026-06-22,tianren4561367,286,Lcfyx,183,Spartan1337,146.0,,,3
International S34 - Platinum 4 game 2,2026-06-22,CaesarSalah,208,GrandHedgehog,202,tupper,186.0,,,3
International S34 - Silver 10 game 8,2026-06-22,Spoobill,221,rap2,217,LordMichael,173.0,Ddafaith,165.0,4
International S34 - Silver 11 game 10,2026-06-22,LeonidasI,273,RoxasVen,265,roverandom,244.0,Jochabeth,157.0,4
International S34 - Silver 12 game 1,2026-06-22,guppyfry,256,MoxNox,221,Cooper,127.0,,,3
International S34 - Silver 13 game 9,2026-06-22,Dvale112,296,Zaij,222,Aruta,212.0,MurphyAKL,201.0,4
International S34 - Silver 16 game 2,2026-06-22,Masox,230,hypodg,169,llsgnm,135.0,,,3
International S34 - Wood 4 game 2,2026-06-22,aoe2champ,140,N4F,136,RodaxIII,-5.0,,,3
International S34 - Wood 7 game 2,2026-06-22,Netrom,225,Gr33ny,214,RoboKay314,190.0,,,3
International S34 - Wood 8 game 1,2026-06-22,Froggy42,202,Mitchum,180,Alex2297,108.0,,,3
International S34 - Wood 8 game 8,2026-06-22,Kruch,289,J-dog,242,bobcatbob,239.0,Paoloco,155.0,4
International S34 - Bronze 13 game 1,2026-06-23,Darek79,157,OrionAlpha,149,Captn4wesome,93.0,,,3
International S34 - Bronze 16 game 9,2026-06-23,ChosenWizard,420,theussner79,299,JakubZGandalfova,258.0,gulper,-5.0,4
International S34 - Bronze 28 game 3,2026-06-23,Izayoi,306,ElTanque35,268,abobey,-5.0,,,3
International S34 - Bronze 3 game 8,2026-06-23,MysteriousWizard,288,DieKrake89,242,nattee,171.0,Otto_von_Bismarck,133.0,4
International S34 - Bronze 7 game 8,2026-06-23,Kroplasowy,238,Drk,145,Desgenais,100.0,Ilyanep,86.0,4
International S34 - Master 2 game 2,2026-06-23,wolvs,251,Angor,206,Sektat,149.0,,,3
International S34 - Platinum 1 game 4,2026-06-23,Turdle,213,RestlessMe,192,Boromir7,183.0,,,3
International S34 - Platinum 2 game 3,2026-06-23,WhateverParsley,279,SpartacusImperator,224,pajada,172.0,,,3
International S34 - Platinum 4 game 8,2026-06-23,tupper,245,jantteri,238,dannyboy14,215.0,GrandHedgehog,214.0,4
International S34 - Silver 13 game 8,2026-06-23,Aruta,295,Zaij,259,Mike1313,234.0,brainac,201.0,4
International S34 - Silver 7 game 3,2026-06-23,Spence2102,352,LeoM,315,Tyrtaios,-3.0,,,3
International S34 - Silver 7 game 9,2026-06-23,flutter,284,Beebs,247,LeoM,234.0,Spence2102,-4.0,4
International S34 - Wood 11 game 1,2026-06-23,Ioannis3,243,Exile,225,CuJ,216.0,,,3
International S34 - Wood 4 game 4,2026-06-23,aoe2champ,244,Geegs,238,Sirovec,225.0,,,3
International S34 - Wood 7 game 3,2026-06-23,Peaceminusone,235,Netrom,218,AnBeLi3v4bLe,182.0,,,3
International S34 - Wood 7 game 8,2026-06-23,OodOok,425,RoboKay314,295,Netrom,261.0,AnBeLi3v4bLe,228.0,4
International S34 - Wood 8 game 2,2026-06-23,J-dog,286,Paoloco,249,Alex2297,189.0,,,3
International S34 - Bronze 1 game 2,2026-06-24,wombats111,220,Unterjochen,161,petrau77,147.0,,,3
International S34 - Bronze 12 game 3,2026-06-24,Tasku,314,Thomi,216,Adrianobf,118.0,,,3
International S34 - Bronze 2 game 2,2026-06-24,peposqui,181,shohei,174,Dzsabo,121.0,,,3
International S34 - Bronze 2 game 3,2026-06-24,Saerleon,234,jdtyler7,199,shohei,182.0,,,3
International S34 - Bronze 2 game 8,2026-06-24,jdtyler7,297,shohei,292,Lammoth,272.0,Dzsabo,234.0,4
International S34 - Bronze 21 game 9,2026-06-24,albinsix,377,Dubz,266,Faeyon,-5.0,Ivan04,-5.0,4
International S34 - Bronze 22 game 8,2026-06-24,bryanckh,282,Krex,237,Tomtomparking,228.0,ecec,217.0,4
International S34 - Bronze 23 game 3,2026-06-24,sergilicious,211,Jolli,201,seviech,145.0,,,3
International S34 - Bronze 29 game 2,2026-06-24,Ricicle,171,dfarhi,166,Bobisko,103.0,,,3
International S34 - Bronze 31 game 3,2026-06-24,MrGekz,279,tanman,209,Daemon3142,168.0,,,3
International S34 - Bronze 32 game 8,2026-06-24,Sun_Zoo,311,JoopHuizinga,251,LordHomeOffice,245.0,Drizzt84,215.0,4
International S34 - Bronze 6 game 8,2026-06-24,AdamYedidia,265,Bull3,213,MechJayTi2,182.0,Clarinachos,158.0,4
International S34 - Gold 1 game 3,2026-06-24,JCleek,208,Brightfuture,176,jingjing123,-5.0,,,3
International S34 - Gold 2 game 8,2026-06-24,Shagrat,282,HCsquared,256,jhutc,237.0,FreddyCrugerKiller,195.0,4
International S34 - Gold 4 game 9,2026-06-24,GerisNezus,189,MidnightFox,184,WanderingWolf,173.0,Dread_84,148.0,4
International S34 - Gold 5 game 3,2026-06-24,maxolino,279,jacksonray,248,DiddleySquat,226.0,,,3
International S34 - Platinum 4 game 1,2026-06-24,CaesarSalah,252,totsilence,231,daimx,226.0,,,3
International S34 - Silver 12 game 9,2026-06-24,guppyfry,243,Gavatron,242,Garri,211.0,MoxNox,191.0,4
International S34 - Silver 15 game 8,2026-06-24,Barnes,279,Olesch,266,Medgar,149.0,Shadowiscool500,-5.0,4
International S34 - Silver 2 game 1,2026-06-24,trzeciakson,154,FlyGon,106,wartin,-3.0,,,3
International S34 - Silver 6 game 3,2026-06-24,schwam,330,Trond79,271,andykr,230.0,,,3
International S34 - Wood 1 game 9,2026-06-24,JS619,280,Daze,264,Wiktor,218.0,Claudius74,214.0,4
International S34 - Wood 10 game 3,2026-06-24,KMMAL,321,Wombelbat,250,Suddoman,206.0,,,3
International S34 - Wood 11 game 8,2026-06-24,CyberRFG,377,Wennejoekel,270,Dimitris,-3.0,peppe76,-5.0,4
International S34 - Wood 3 game 9,2026-06-24,Jesaphi,315,Saph4ir,236,xeveli,232.0,Jume,230.0,4
International S34 - Wood 4 game 9,2026-06-24,Sirovec,283,Geegs,211,metternich,211.0,Icarium,193.0,4
International S34 - Bronze 10 game 11,2026-06-25,Archangel,120,z0pfel,110,Michcio,105.0,JohnyT,-4.0,4
International S34 - Bronze 15 game 1,2026-06-25,firlefanzer,208,vodka,189,Quasar_Enderas,188.0,,,3
International S34 - Bronze 15 game 3,2026-06-25,giannisoad,196,Quasar_Enderas,194,Abuceb,180.0,,,3
International S34 - Bronze 16 game 8,2026-06-25,Bathman,264,ChosenWizard,247,MyriamVanErum,227.0,gulper,-5.0,4
International S34 - Bronze 17 game 1,2026-06-25,Pigeonpostman,145,Happykitten,125,lavasija,108.0,,,3
International S34 - Bronze 17 game 3,2026-06-25,baggioka,189,tronnemann,188,lavasija,150.0,,,3
International S34 - Bronze 21 game 10,2026-06-25,snakilan,306,DucciEmi,81,Ivan04,-5.0,Faeyon,-5.0,4
International S34 - Bronze 22 game 9,2026-06-25,bryanckh,255,ecec,171,brumynut,165.0,Dienekes,148.0,4
International S34 - Bronze 23 game 10,2026-06-25,OhNoItsNot,232,jmcj,230,bcnoexceptions,199.0,Csannerud,169.0,4
International S34 - Bronze 4 game 10,2026-06-25,amadeo,174,larshb,162,G_7,144.0,Gubbstyv,108.0,4
International S34 - Bronze 4 game 3,2026-06-25,wittr,234,Legoman,158,Limdul1988,32.0,,,3
International S34 - Bronze 5 game 9,2026-06-25,xYotsuba,309,CrystalPete420,206,Sengir80,198.0,Kelern,-4.0,4
International S34 - Gold 1 game 8,2026-06-25,MartinW,192,JCleek,188,CouchKing,175.0,Brightfuture,169.0,4
International S34 - Gold 2 game 10,2026-06-25,FirstOfDao,271,FreddyCrugerKiller,239,jhutc,239.0,LordPeter,235.0,4
International S34 - Gold 4 game 1,2026-06-25,MidnightFox,207,Slender,181,Dread_84,140.0,,,3
International S34 - Gold 6 game 3,2026-06-25,NFGM,268,zadokk,257,arthurlam90,234.0,,,3
International S34 - Gold 7 game 10,2026-06-25,Gagic,258,Kimmo,241,BoatyMcBoatface,176.0,Attrill20,167.0,4
International S34 - Gold 8 game 1,2026-06-25,borz.zrob,235,Xterm,187,bobaboba,168.0,,,3
International S34 - Master 1 game 9,2026-06-25,Arne,311,Dantes,302,Lech,170.0,Vantablack,-5.0,4
International S34 - Master 2 game 8,2026-06-25,Lander90,258,Sektat,243,takusto_II,235.0,wolvs,173.0,4
International S34 - Platinum 1 game 3,2026-06-25,Doobie,259,RestlessMe,216,Tordread,-5.0,,,3
International S34 - Platinum 1 game 9,2026-06-25,RestlessMe,263,Boromir7,259,Doobie,247.0,saru,168.0,4
International S34 - Platinum 4 game 3,2026-06-25,GrandHedgehog,155,totsilence,148,jantteri,146.0,,,3
International S34 - Silver 1 game 3,2026-06-25,ElKhan,199,DarthVaderDLotS,180,Fjantarik,150.0,,,3
International S34 - Silver 1 game 8,2026-06-25,DarthVaderDLotS,236,raist,186,ElKhan,179.0,Shincham,-5.0,4
International S34 - Silver 11 game 8,2026-06-25,Kuter,244,Firedart,241,RoxasVen,210.0,Jochabeth,171.0,4
International S34 - Silver 13 game 4,2026-06-25,Aruta,262,Zaij,188,Alfonsillo,186.0,,,3
International S34 - Silver 4 game 8,2026-06-25,Herdeksunek,225,Padishar,214,Cat12,205.0,LT.Stuntovic,180.0,4
International S34 - Silver 5 game 10,2026-06-25,Flackk,264,Depp,253,norbetk,241.0,Dayvs,232.0,4
International S34 - Silver 8 game 10,2026-06-25,TrilceAC,205,Aftheiss,166,Skaiwalker,161.0,aaaaa,-4.0,4
International S34 - Silver 9 game 10,2026-06-25,Budde,243,Rolls.Royal,187,khyung,128.0,belowfox,127.0,4
International S34 - Wood 1 game 3,2026-06-25,AdiQue,244,Wiktor,177,JS619,125.0,,,3
International S34 - Wood 3 game 3,2026-06-25,Crs,238,Jesaphi,170,Jume,155.0,,,3
International S34 - Wood 5 game 8,2026-06-25,ThomasM,424,Mejdzr,362,DaddySparky,350.0,WraightCZ,281.0,4
International S34 - Bronze 14 game 3,2026-06-26,nerficya,244,Mockingbird5,172,dragonst33d,62.0,,,3
International S34 - Bronze 18 game 4,2026-06-26,scaggi,214,t-k-421,190,vito,182.0,,,3
International S34 - Bronze 21 game 4,2026-06-26,snakilan,273,Dubz,143,Faeyon,-5.0,,,3
International S34 - Bronze 22 game 1,2026-06-26,Tony117,230,brumynut,199,Dienekes,152.0,,,3
International S34 - Bronze 22 game 3,2026-06-26,bryanckh,219,Krex,195,Dienekes,149.0,,,3
International S34 - Bronze 3 game 10,2026-06-26,MysteriousWizard,303,kaeptnblaubaer,247,DonStino,174.0,Otto_von_Bismarck,173.0,4
International S34 - Bronze 3 game 4,2026-06-26,DieKrake89,220,Otto_von_Bismarck,141,kaeptnblaubaer,140.0,,,3
International S34 - Bronze 30 game 3,2026-06-26,kev5047,221,dmhalford,158,Seiza,-5.0,,,3
International S34 - Bronze 32 game 10,2026-06-26,LordHomeOffice,252,Monik,248,JoopHuizinga,233.0,Mul,200.0,4
International S34 - Bronze 4 game 4,2026-06-26,larshb,178,Gubbstyv,153,Legoman,139.0,,,3
International S34 - Bronze 4 game 9,2026-06-26,G_7,305,Legoman,295,Limdul1988,246.0,larshb,211.0,4
International S34 - Bronze 5 game 3,2026-06-26,xYotsuba,259,Sengir80,245,javimb89,159.0,,,3
International S34 - Master 1 game 3,2026-06-26,Dantes,338,Lech,226,yaop,194.0,,,3
International S34 - Platinum 1 game 8,2026-06-26,Boromir7,309,RestlessMe,305,Cogito3,286.0,Tordread,-5.0,4
International S34 - Silver 11 game 9,2026-06-26,roverandom,240,Jochabeth,140,Firedart,131.0,Garghiii,87.0,4
International S34 - Silver 14 game 1,2026-06-26,GoblinMatron,312,Tasso,237,Fleepa0,203.0,,,3
International S34 - Silver 6 game 4,2026-06-26,Kor,330,schwam,265,baodalanxin,252.0,,,3
International S34 - Silver 9 game 4,2026-06-26,Budde,271,daggsea,254,belowfox,188.0,,,3
International S34 - Wood 1 game 8,2026-06-26,Melon6688,215,AdiQue,169,JS619,159.0,Daze,-5.0,4
International S34 - Wood 6 game 1,2026-06-26,Diogenes,238,Everex,145,FrancoisFerdinand,-5.0,,,3
International S34 - Wood 9 game 1,2026-06-26,Ulyssess,262,Glamdring,256,KorXo,225.0,,,3
International S34 - Bronze 10 game 4,2026-06-27,Sarek,271,Marabu8,175,loMucho,156.0,,,3
International S34 - Bronze 12 game 8,2026-06-27,Adrianobf,180,RiRu,173,Thomi,143.0,Izio,142.0,4
International S34 - Bronze 16 game 3,2026-06-27,Bathman,298,ChosenWizard,245,JakubZGandalfova,215.0,,,3
International S34 - Bronze 17 game 8,2026-06-27,eggmancs,237,Pshemo,168,tronnemann,151.0,baggioka,128.0,4
International S34 - Bronze 19 game 9,2026-06-27,Tuty,206,Nicks,202,Strawer_1982,201.0,GrazDozTrez,183.0,4
International S34 - Bronze 20 game 1,2026-06-27,RougeEconomist,204,chris223,113,michasz,106.0,,,3
International S34 - Bronze 21 game 3,2026-06-27,Ekdezel,285,Dubz,214,albinsix,204.0,,,3
International S34 - Bronze 23 game 4,2026-06-27,sergilicious,204,bcnoexceptions,187,Csannerud,175.0,,,3
International S34 - Bronze 25 game 4,2026-06-27,migoet,387,LoreNacho,-5,Haxxorn,-5.0,,,3
International S34 - Bronze 28 game 4,2026-06-27,Victory7,201,ElTanque35,192,irule,183.0,,,3
International S34 - Bronze 30 game 9,2026-06-27,IpaStian,291,sergraim,176,dmhalford,-5.0,Seiza,-5.0,4
International S34 - Bronze 6 game 3,2026-06-27,AdamYedidia,321,SimTubez,166,MechJayTi2,141.0,,,3
International S34 - Bronze 7 game 3,2026-06-27,Drk,149,skab12,149,Ilyanep,124.0,,,3
International S34 - Bronze 7 game 9,2026-06-27,Desgenais,287,Ilyanep,244,Thisisnotasmile,242.0,skab12,181.0,4
International S34 - Gold 7 game 4,2026-06-27,Gagic,228,Obinger_Alphons,196,Attrill20,178.0,,,3
International S34 - Grandmaster game 2,2026-06-27,Grozz,207,funestus,134,Vovka,66.0,,,3
International S34 - Grandmaster game 3,2026-06-27,Vovka,249,Eepogi,189,Genghisip,184.0,,,3
International S34 - Master 2 game 3,2026-06-27,takusto_II,220,Sektat,189,scipio238,-5.0,,,3
International S34 - Platinum 2 game 10,2026-06-27,zoldaria,230,Allfather,199,Huettengaudi,197.0,Momomillion,119.0,4
International S34 - Silver 14 game 9,2026-06-27,Tasso,274,St-Amadeus,264,Fleepa0,224.0,henrymerrivale,213.0,4
International S34 - Silver 16 game 1,2026-06-27,Aranwar,184,DavidSegoviano,148,hypodg,126.0,,,3
International S34 - Silver 4 game 1,2026-06-27,Rob_Stedman,169,DarKStyle,155,JimmyLin,142.0,,,3
International S34 - Silver 5 game 8,2026-06-27,DadboBaggins,281,norbetk,222,Mattian12000,189.0,Flackk,156.0,4
International S34 - Silver 5 game 9,2026-06-27,norbetk,259,Vangelisb,178,DadboBaggins,165.0,Dayvs,40.0,4
International S34 - Wood 5 game 2,2026-06-27,Garban7,211,Mejdzr,175,WraightCZ,171.0,,,3
International S34 - Wood 6 game 3,2026-06-27,Gympanse,199,ClaridadNocturna,195,Diogenes,192.0,,,3
International S34 - Bronze 13 game 10,2026-06-28,Darek79,278,TheKrunk,231,Rasputin,222.0,OrionAlpha,211.0,4
International S34 - Bronze 14 game 8,2026-06-28,Mockingbird5,231,lcesar34,191,vyvy,176.0,dragonst33d,129.0,4
International S34 - Bronze 16 game 10,2026-06-28,MyriamVanErum,296,RobertdeSable,263,theussner79,242.0,gulper,-5.0,4
International S34 - Bronze 20 game 8,2026-06-28,InfiniteZest,235,Cresspahl,220,BobChiringuito,202.0,sttailtw,-4.0,4
International S34 - Bronze 24 game 9,2026-06-28,Carbon14,287,Radvan,264,monkeyml,210.0,Bedrich_H,166.0,4
International S34 - Bronze 25 game 2,2026-06-28,Arkadiussus,233,Largos,145,Haxxorn,-5.0,,,3
International S34 - Bronze 26 game 4,2026-06-28,Mephist,203,Vinny6060,133,Kartek,114.0,,,3
International S34 - Bronze 26 game 9,2026-06-28,tnawrocki,183,Kartek,149,Mephist,131.0,blackwave,103.0,4
International S34 - Bronze 32 game 3,2026-06-28,Sun_Zoo,245,Drizzt84,170,ZioKhan,133.0,,,3
International S34 - Bronze 32 game 4,2026-06-28,Sun_Zoo,182,Mul,156,LordHomeOffice,103.0,,,3
International S34 - Gold 2 game 4,2026-06-28,LordPeter,317,jhutc,267,HCsquared,236.0,,,3
International S34 - Gold 3 game 1,2026-06-28,Dethar,202,RudyRunner666,163,kenchan,156.0,,,3
International S34 - Master 1 game 1,2026-06-28,Majondor,257,Lech,235,Vantablack,-5.0,,,3
International S34 - Platinum 3 game 8,2026-06-28,Lcfyx,183,tianren4561367,169,Kolo,167.0,Papaver,121.0,4
International S34 - Silver 1 game 9,2026-06-28,Fjantarik,270,raist,232,northlynx,226.0,ElKhan,203.0,4
International S34 - Silver 12 game 10,2026-06-28,Cooper,177,Gavatron,173,Dragonite,152.0,guppyfry,-4.0,4
International S34 - Silver 15 game 4,2026-06-28,Barnes,259,W1TCH0R,186,Olesch,175.0,,,3
International S34 - Silver 4 game 9,2026-06-28,Padishar,218,Rob_Stedman,216,Cat12,183.0,JimmyLin,171.0,4
International S34 - Silver 7 game 8,2026-06-28,LeoM,218,jSan,178,Beebs,171.0,Tyrtaios,77.0,4
International S34 - Wood 3 game 10,2026-06-28,Saph4ir,339,vbogoev,282,xeveli,231.0,buso1705,199.0,4
International S34 - Wood 3 game 4,2026-06-28,Saph4ir,217,Jume,198,vbogoev,191.0,,,3
International S34 - Wood 4 game 3,2026-06-28,N4F,174,Sirovec,113,metternich,99.0,,,3
International S34 - Bronze 1 game 9,2026-06-29,quirrell,311,Parcival,272,TheElk,267.0,LhuCaS,-5.0,4
International S34 - Bronze 15 game 9,2026-06-29,vodka,307,Quasar_Enderas,272,maciek,268.0,Abuceb,203.0,4
International S34 - Bronze 18 game 10,2026-06-29,CRocky,190,t-k-421,178,vito,175.0,Terence,121.0,4
International S34 - Bronze 22 game 10,2026-06-29,Tony117,179,brumynut,165,ecec,165.0,Tomtomparking,139.0,4
International S34 - Bronze 24 game 10,2026-06-29,Cleveman,400,martinxjames,378,Bedrich_H,313.0,monkeyml,230.0,4
International S34 - Bronze 24 game 3,2026-06-29,Radvan,219,dubler,199,Carbon14,196.0,,,3
International S34 - Bronze 24 game 4,2026-06-29,martinxjames,245,Radvan,227,Bedrich_H,219.0,,,3
International S34 - Bronze 27 game 11,2026-06-29,Sergeeeee,200,BuWu,199,nathanb,179.0,Mammaklaskern,149.0,4
International S34 - Bronze 27 game 7,2026-06-29,Sergeeeee,199,GregoryD,195,Mammaklaskern,189.0,,,3
International S34 - Bronze 29 game 3,2026-06-29,Ricicle,137,FiveGee,129,Sophia,124.0,,,3
International S34 - Bronze 29 game 8,2026-06-29,rustylantern,257,Ricicle,189,Bobisko,184.0,Sophia,-4.0,4
International S34 - Bronze 5 game 4,2026-06-29,Sengir80,207,Kelern,190,Bergen,145.0,,,3
International S34 - Gold 3 game 2,2026-06-29,PlanarFreak,298,Malakesh,224,RudyRunner666,213.0,,,3
International S34 - Gold 3 game 8,2026-06-29,Malakesh,259,PlanarFreak,186,Sunmaster14_LV,184.0,Pitor,175.0,4
International S34 - Platinum 3 game 3,2026-06-29,Lcfyx,235,Kolo,222,Doughnut,211.0,,,3
International S34 - Platinum 4 game 9,2026-06-29,daimx,209,dannyboy14,192,totsilence,188.0,jantteri,174.0,4
International S34 - Silver 10 game 4,2026-06-29,Gyphon,293,rap2,235,Spoobill,230.0,,,3
International S34 - Silver 11 game 11,2026-06-29,Garghiii,299,roverandom,265,Kuter,222.0,RoxasVen,206.0,4
International S34 - Silver 11 game 3,2026-06-29,Kuter,271,Firedart,258,Garghiii,173.0,,,3
International S34 - Silver 13 game 10,2026-06-29,Aruta,199,Alfonsillo,127,Dvale112,119.0,brainac,99.0,4
International S34 - Silver 14 game 10,2026-06-29,holy834,208,St-Amadeus,163,GoblinMatron,138.0,Fleepa0,108.0,4
International S34 - Silver 16 game 9,2026-06-29,FrenkDeTank,341,Aranwar,316,StonedHenge420,275.0,DavidSegoviano,233.0,4
International S34 - Silver 3 game 4,2026-06-29,brunoerwin,257,Panthera,243,maunzzz,238.0,,,3
International S34 - Silver 5 game 4,2026-06-29,Depp,291,DadboBaggins,250,norbetk,236.0,,,3
International S34 - Silver 7 game 10,2026-06-29,Beebs,194,jSan,132,Magesolo,124.0,flutter,69.0,4
International S34 - Silver 9 game 11,2026-06-29,khyung,414,Ti-Guy_Latour,339,Rolls.Royal,260.0,Notbot66,-5.0,4
International S34 - Wood 10 game 10,2026-06-29,Bizniouf,188,Larsusvonundzu,166,Fullynice,161.0,oldmutant,150.0,4
International S34 - Wood 5 game 10,2026-06-29,Mejdzr,251,ThomasM,207,PacoHolliday,198.0,Garban7,146.0,4
International S34 - Wood 8 game 11,2026-06-29,Mitchum,221,Paoloco,215,Froggy42,215.0,J-dog,168.0,4
International S34 - Bronze 1 game 3,2026-06-30,wombats111,202,quirrell,198,LhuCaS,87.0,,,3
International S34 - Bronze 11 game 4,2026-06-30,pavelceska,273,comant,212,Marinheiro,171.0,,,3
International S34 - Bronze 14 game 9,2026-06-30,HopeForLuck,235,lcesar34,226,Mockingbird5,182.0,nerficya,148.0,4
International S34 - Bronze 15 game 4,2026-06-30,maciek,167,Abuceb,111,firlefanzer,93.0,,,3
International S34 - Bronze 16 game 4,2026-06-30,RobertdeSable,302,ChosenWizard,239,gulper,-5.0,,,3
International S34 - Bronze 17 game 4,2026-06-30,eggmancs,86,Pigeonpostman,70,baggioka,64.0,,,3
International S34 - Bronze 17 game 9,2026-06-30,eggmancs,200,baggioka,163,Happykitten,156.0,lavasija,-5.0,4
International S34 - Bronze 25 game 3,2026-06-30,migoet,208,Largos,165,Chris10,127.0,,,3
International S34 - Bronze 30 game 10,2026-06-30,dougthonus,208,Darain,163,sergraim,136.0,IpaStian,69.0,4
International S34 - Bronze 31 game 4,2026-06-30,Daemon3142,175,HRG,140,nkbobo,122.0,,,3
International S34 - Bronze 6 game 10,2026-06-30,Asperins,158,Bull3,153,Proteus,96.0,Clarinachos,56.0,4
International S34 - Bronze 9 game 4,2026-06-30,Sakic19,144,sorecats,107,Stefan665,90.0,,,3
International S34 - Gold 1 game 10,2026-06-30,MartinW,156,heisenberg_97,152,Ristey,-5.0,CouchKing,-5.0,4
International S34 - Gold 2 game 3,2026-06-30,TorbenOfHerpes,197,Shagrat,110,HCsquared,63.0,,,3
International S34 - Gold 6 game 10,2026-06-30,Nightvayne,241,BlixLT,232,Zegs,206.0,Praetorianer,-5.0,4
International S34 - Gold 6 game 9,2026-06-30,zadokk,304,NFGM,291,Zegs,243.0,Praetorianer,63.0,4
International S34 - Master 1 game 4,2026-06-30,Dantes,251,Majondor,204,Arne,178.0,,,3
International S34 - Platinum 3 game 10,2026-06-30,tianren4561367,257,Spartan1337,223,Papaver,217.0,Raffaello,213.0,4
International S34 - Silver 2 game 9,2026-06-30,FenPlays,253,Durloc,228,wartin,211.0,FlyGon,195.0,4
International S34 - Silver 4 game 10,2026-06-30,DarKStyle,296,JimmyLin,272,Padishar,257.0,Herdeksunek,56.0,4
International S34 - Silver 5 game 3,2026-06-30,Mattian12000,154,Vangelisb,141,DadboBaggins,130.0,,,3
International S34 - Silver 8 game 11,2026-06-30,Skaiwalker,358,Aaronwebber,270,Aftheiss,243.0,Jonny125,229.0,4
International S34 - Wood 2 game 4,2026-06-30,Kejml,208,Jmstoic,198,Samantho,167.0,,,3
International S34 - Bronze 11 game 10,2026-07-01,pavelceska,198,comant,174,prozio,166.0,SeanHandley,161.0,4
International S34 - Bronze 13 game 8,2026-07-01,decoy1980,322,TheKrunk,267,Rasputin,205.0,vratia,126.0,4
International S34 - Bronze 26 game 3,2026-07-01,boogy5,164,blackwave,164,Mephist,128.0,,,3
International S34 - Bronze 7 game 1,2026-07-01,JamesH,210,Thisisnotasmile,200,skab12,100.0,,,3
International S34 - Gold 1 game 4,2026-07-01,heisenberg_97,175,JCleek,147,CouchKing,-5.0,,,3
International S34 - Gold 3 game 10,2026-07-01,Malakesh,343,Pitor,264,Dethar,225.0,RudyRunner666,220.0,4
International S34 - Gold 4 game 2,2026-07-01,Goldfinger_,234,drodriguez,203,Slender,154.0,,,3
International S34 - Gold 4 game 3,2026-07-01,Goldfinger_,284,GerisNezus,278,Dread_84,260.0,,,3
International S34 - Gold 5 game 11,2026-07-01,PhiTrigger,273,jacksonray,266,maxolino,216.0,Kay,172.0,4
International S34 - Gold 6 game 4,2026-07-01,BlixLT,188,Zegs,185,zadokk,168.0,,,3
International S34 - Gold 7 game 9,2026-07-01,BoatyMcBoatface,256,arDKee,254,Attrill20,245.0,Obinger_Alphons,233.0,4
International S34 - Master 2 game 10,2026-07-01,wolvs,299,mwi,210,Angor,200.0,Lander90,196.0,4
International S34 - Platinum 1 game 2,2026-07-01,Cogito3,229,Tordread,176,Turdle,139.0,,,3
International S34 - Silver 1 game 4,2026-07-01,ElKhan,205,JoshyWiggins,195,raist,166.0,,,3
International S34 - Silver 11 game 7,2026-07-01,Garghiii,331,RoxasVen,251,Jochabeth,229.0,,,3
International S34 - Silver 12 game 3,2026-07-01,occupied,252,Garri,181,MoxNox,161.0,,,3
International S34 - Silver 16 game 3,2026-07-01,FrenkDeTank,276,Masox,240,DavidSegoviano,186.0,,,3
International S34 - Silver 16 game 8,2026-07-01,FrenkDeTank,295,Masox,245,StonedHenge420,174.0,llsgnm,146.0,4
International S34 - Silver 2 game 10,2026-07-01,Durloc,241,FlyGon,189,Yookie,162.0,trzeciakson,102.0,4
International S34 - Silver 7 game 4,2026-07-01,Beebs,157,LeoM,131,Magesolo,-3.0,,,3
International S34 - Wood 5 game 4,2026-07-01,ThomasM,251,Garban7,195,DaddySparky,185.0,,,3
International S34 - Bronze 1 game 8,2026-07-02,wombats111,176,LhuCaS,149,petrau77,134.0,Parcival,103.0,4
International S34 - Bronze 12 game 9,2026-07-02,Purplegoo,253,Tasku,238,Adrianobf,228.0,Izio,205.0,4
International S34 - Bronze 14 game 10,2026-07-02,HopeForLuck,251,lcesar34,250,Bookhouseboy,241.0,vyvy,-4.0,4
International S34 - Bronze 18 game 11,2026-07-02,CRocky,240,Conzi,206,GerwinW,202.0,Terence,163.0,4
International S34 - Bronze 18 game 7,2026-07-02,Conzi,274,vito,255,CRocky,197.0,,,3
International S34 - Bronze 19 game 3,2026-07-02,Strawer_1982,197,Impr,180,Tuty,93.0,,,3
International S34 - Bronze 19 game 8,2026-07-02,Impr,321,rcia,259,Tuty,227.0,Nicks,153.0,4
International S34 - Bronze 25 game 8,2026-07-02,migoet,332,Arkadiussus,291,Largos,192.0,LoreNacho,-5.0,4
International S34 - Bronze 27 game 10,2026-07-02,GregoryD,239,nathanb,238,opatulony,154.0,Mammaklaskern,150.0,4
International S34 - Bronze 27 game 4,2026-07-02,Dumnac,279,opatulony,222,GregoryD,153.0,,,3
International S34 - Bronze 32 game 7,2026-07-02,JoopHuizinga,205,LordHomeOffice,180,ZioKhan,170.0,,,3
International S34 - Bronze 6 game 4,2026-07-02,AdamYedidia,209,Bull3,184,Asperins,174.0,,,3
International S34 - Bronze 8 game 10,2026-07-02,Vortex1612,266,Pulpecja,231,LordTheodore,200.0,ksfga,144.0,4
International S34 - Bronze 8 game 4,2026-07-02,Vortex1612,234,EnozamaIV,174,ksfga,133.0,,,3
International S34 - Bronze 9 game 11,2026-07-02,Hotti180,251,klokwork,227,Olunia,184.0,Francesco1812,181.0,4
International S34 - Gold 2 game 7,2026-07-02,TorbenOfHerpes,220,FreddyCrugerKiller,184,jhutc,131.0,,,3
International S34 - Platinum 2 game 11,2026-07-02,SpartacusImperator,219,Allfather,201,WhateverParsley,156.0,Huettengaudi,91.0,4
International S34 - Platinum 2 game 4,2026-07-02,pajada,142,Momomillion,119,zoldaria,101.0,,,3
International S34 - Platinum 2 game 7,2026-07-02,Huettengaudi,231,SpartacusImperator,185,zoldaria,169.0,,,3
International S34 - Silver 14 game 4,2026-07-02,GoblinMatron,180,St-Amadeus,169,henrymerrivale,159.0,,,3
International S34 - Silver 8 game 7,2026-07-02,aaaaa,179,Skaiwalker,167,Jonny125,136.0,,,3
International S34 - Wood 4 game 10,2026-07-02,aoe2champ,242,Geegs,199,Icarium,161.0,RodaxIII,-5.0,4
International S34 - Wood 7 game 4,2026-07-02,Gr33ny,330,AnBeLi3v4bLe,240,OodOok,-5.0,,,3
International S34 - Wood 9 game 8,2026-07-02,luigino71,248,Boardello,215,Chriiiss,214.0,Maxxxx,-5.0,4
International S34 - Bronze 10 game 14,2026-07-03,Marabu8,357,loMucho,298,JohnyT,288.0,Archangel,231.0,4
International S34 - Bronze 11 game 8,2026-07-03,pavelceska,337,Rajeev,284,prozio,202.0,Marinheiro,81.0,4
International S34 - Bronze 19 game 2,2026-07-03,rcia,252,Impr,233,JohnnyMac,50.0,,,3
International S34 - Bronze 2 game 4,2026-07-03,jdtyler7,282,Lammoth,177,peposqui,-3.0,,,3
International S34 - Bronze 25 game 10,2026-07-03,Shiffdog,261,Arkadiussus,251,Haxxorn,-5.0,LoreNacho,-5.0,4
International S34 - Bronze 31 game 11,2026-07-03,MrGekz,294,SKJaCaRD,230,tanman,212.0,Teadiddy14,-5.0,4
International S34 - Bronze 8 game 11,2026-07-03,LordTheodore,255,Pulpecja,221,CloneFish,195.0,ChipsAhoya,192.0,4
International S34 - Bronze 9 game 10,2026-07-03,Sakic19,236,Hotti180,162,sorecats,149.0,Francesco1812,117.0,4
International S34 - Gold 1 game 7,2026-07-03,MartinW,251,jingjing123,-5,CouchKing,-5.0,,,3
International S34 - Gold 1 game 9,2026-07-03,Ristey,190,JCleek,185,CouchKing,-5.0,jingjing123,-5.0,4
International S34 - Gold 8 game 11,2026-07-03,ed_vins,297,Xterm,237,borz.zrob,219.0,jRune,209.0,4
International S34 - Silver 12 game 11,2026-07-03,occupied,311,MoxNox,274,Dragonite,272.0,guppyfry,180.0,4
International S34 - Silver 12 game 4,2026-07-03,Gavatron,294,Cooper,280,Garri,261.0,,,3
International S34 - Silver 15 game 1,2026-07-03,W1TCH0R,263,Ralf-TtA,178,BitterBlossom,153.0,,,3
International S34 - Silver 15 game 3,2026-07-03,Olesch,215,Medgar,163,BitterBlossom,152.0,,,3
International S34 - Silver 15 game 9,2026-07-03,Barnes,165,Olesch,164,BitterBlossom,133.0,Ralf-TtA,38.0,4
International S34 - Silver 2 game 8,2026-07-03,FenPlays,264,Durloc,219,Yookie,193.0,Gudimundi,192.0,4
International S34 - Silver 3 game 10,2026-07-03,DB.Starman,263,maunzzz,216,JiriHosek,165.0,Panthera,154.0,4
International S34 - Silver 4 game 3,2026-07-03,Rob_Stedman,339,LT.Stuntovic,213,Cat12,211.0,,,3
International S34 - Silver 9 game 7,2026-07-03,Rolls.Royal,235,belowfox,202,Ti-Guy_Latour,198.0,,,3
International S34 - Wood 1 game 11,2026-07-03,Melon6688,196,Wiktor,164,Claudius74,153.0,AdiQue,143.0,4
International S34 - Wood 10 game 4,2026-07-03,oldmutant,162,Wombelbat,104,Larsusvonundzu,56.0,,,3
International S34 - Wood 11 game 10,2026-07-03,CyberRFG,242,Exile,186,CuJ,167.0,Wennejoekel,-5.0,4
International S34 - Bronze 14 game 4,2026-07-04,lcesar34,212,Bookhouseboy,200,Mockingbird5,195.0,,,3
International S34 - Bronze 16 game 11,2026-07-04,Bathman,349,theussner79,295,JakubZGandalfova,259.0,MyriamVanErum,218.0,4
International S34 - Bronze 17 game 10,2026-07-04,eggmancs,293,Pigeonpostman,233,Pshemo,224.0,Happykitten,151.0,4
International S34 - Bronze 31 game 10,2026-07-04,HRG,267,SKJaCaRD,209,nkbobo,151.0,Teadiddy14,-5.0,4
International S34 - Bronze 9 game 14,2026-07-04,Sakic19,279,Francesco1812,220,Stefan665,214.0,Olunia,177.0,4
International S34 - Silver 11 game 4,2026-07-04,Firedart,198,LeonidasI,174,Jochabeth,113.0,,,3
International S34 - Silver 6 game 11,2026-07-04,Trond79,231,ChampDeGlace,216,andykr,205.0,LittleBob,172.0,4
International S34 - Silver 6 game 7,2026-07-04,LittleBob,164,baodalanxin,159,andykr,117.0,,,3
International S34 - Wood 4 game 7,2026-07-04,metternich,196,Geegs,158,RodaxIII,-5.0,,,3
International S34 - Wood 9 game 10,2026-07-04,luigino71,183,KorXo,172,Glamdring,150.0,Maxxxx,-5.0,4
International S34 - Wood 9 game 9,2026-07-04,Chriiiss,242,Glamdring,196,Ulyssess,125.0,Maxxxx,-5.0,4
International S34 - Bronze 12 game 11,2026-07-05,Thomi,268,Tasku,254,RiRu,239.0,Purplegoo,125.0,4
International S34 - Bronze 19 game 10,2026-07-05,Nicks,201,GrazDozTrez,187,rcia,160.0,JohnnyMac,150.0,4
International S34 - Bronze 2 game 10,2026-07-05,peposqui,227,micropip,201,Dzsabo,194.0,Lammoth,174.0,4
International S34 - Bronze 20 game 4,2026-07-05,BobChiringuito,214,Cresspahl,151,michasz,144.0,,,3
International S34 - Bronze 22 game 11,2026-07-05,brumynut,287,Krex,245,Tomtomparking,239.0,Dienekes,204.0,4
International S34 - Bronze 24 game 14,2026-07-05,Radvan,227,martinxjames,162,dubler,160.0,monkeyml,-5.0,4
International S34 - Bronze 3 game 11,2026-07-05,MysteriousWizard,219,Watlersen,138,DonStino,119.0,nattee,118.0,4
International S34 - Bronze 4 game 14,2026-07-05,G_7,201,Gubbstyv,188,Legoman,187.0,wittr,181.0,4
International S34 - Bronze 7 game 4,2026-07-05,Desgenais,197,JamesH,191,Ilyanep,84.0,,,3
International S34 - Gold 7 game 3,2026-07-05,Obinger_Alphons,272,Romendil,236,arDKee,229.0,,,3
International S34 - Grandmaster game 8,2026-07-05,funestus,203,Vovka,160,Weidenbaum,157.0,Genghisip,135.0,4
International S34 - Platinum 3 game 7,2026-07-05,tianren4561367,249,Papaver,216,Doughnut,215.0,,,3
International S34 - Silver 14 game 11,2026-07-05,Fleepa0,197,Dovi,180,Tasso,172.0,holy834,85.0,4
International S34 - Silver 15 game 10,2026-07-05,W1TCH0R,307,Barnes,192,Ralf-TtA,149.0,Shadowiscool500,-5.0,4
International S34 - Silver 2 game 3,2026-07-05,FenPlays,223,Gudimundi,160,wartin,-5.0,,,3
International S34 - Silver 3 game 11,2026-07-05,richardhell,281,JiriHosek,246,DB.Starman,230.0,haimke,215.0,4
International S34 - Silver 4 game 4,2026-07-05,DarKStyle,220,Padishar,165,Cat12,128.0,,,3
International S34 - Silver 5 game 11,2026-07-05,Dayvs,243,Flackk,235,Mattian12000,230.0,Vangelisb,220.0,4
International S34 - Silver 8 game 4,2026-07-05,TrilceAC,193,KEIL,166,aaaaa,116.0,,,3
International S34 - Wood 2 game 11,2026-07-05,Cromlech,236,Vegeta4791,236,Dvd75,230.0,DBaker17,-5.0,4
International S34 - Wood 8 game 10,2026-07-05,Alex2297,301,Froggy42,252,J-dog,234.0,Kruch,171.0,4
International S34 - Wood 8 game 4,2026-07-05,Kruch,268,bobcatbob,206,Alex2297,206.0,,,3
International S34 - Bronze 12 game 10,2026-07-06,Purplegoo,276,RiRu,267,Alistair,194.0,Izio,189.0,4
International S34 - Bronze 13 game 3,2026-07-06,decoy1980,212,Captn4wesome,182,vratia,139.0,,,3
International S34 - Bronze 18 game 14,2026-07-06,scaggi,273,GerwinW,186,t-k-421,185.0,Terence,180.0,4
International S34 - Bronze 19 game 7,2026-07-06,rcia,227,Strawer_1982,150,Nicks,142.0,,,3
International S34 - Bronze 2 game 11,2026-07-06,Saerleon,222,Dzsabo,205,shohei,177.0,micropip,153.0,4
International S34 - Bronze 22 game 4,2026-07-06,ecec,233,bryanckh,148,Tony117,146.0,,,3
International S34 - Bronze 23 game 11,2026-07-06,OhNoItsNot,358,Jolli,260,jmcj,215.0,seviech,214.0,4
International S34 - Bronze 30 game 7,2026-07-06,Darain,226,IpaStian,149,Seiza,-5.0,,,3
International S34 - Bronze 32 game 11,2026-07-06,JoopHuizinga,264,Monik,225,ZioKhan,216.0,Drizzt84,190.0,4
International S34 - Bronze 7 game 10,2026-07-06,Thisisnotasmile,199,Desgenais,182,JamesH,171.0,Kroplasowy,-4.0,4
International S34 - Gold 1 game 11,2026-07-06,Brightfuture,323,MartinW,257,Ristey,-5.0,jingjing123,-5.0,4
International S34 - Gold 4 game 8,2026-07-06,Goldfinger_,207,WanderingWolf,197,GerisNezus,193.0,drodriguez,166.0,4
International S34 - Gold 6 game 7,2026-07-06,NFGM,227,Nightvayne,185,Zegs,164.0,,,3
International S34 - Gold 8 game 10,2026-07-06,Hisbossness,144,jRune,141,bobaboba,123.0,Xterm,108.0,4
International S34 - Gold 8 game 4,2026-07-06,funnytortoise,191,Hisbossness,183,bobaboba,134.0,,,3
International S34 - Gold 8 game 7,2026-07-06,Hisbossness,258,jRune,209,borz.zrob,180.0,,,3
International S34 - Platinum 3 game 11,2026-07-06,Lcfyx,185,Raffaello,185,tianren4561367,179.0,Doughnut,149.0,4
International S34 - Platinum 4 game 4,2026-07-06,dannyboy14,197,jantteri,180,CaesarSalah,127.0,,,3
International S34 - Silver 1 game 10,2026-07-06,northlynx,311,Shincham,247,raist,221.0,JoshyWiggins,214.0,4
International S34 - Silver 10 game 11,2026-07-06,fathope,203,Banderjax,197,Ddafaith,172.0,LordMichael,165.0,4
International S34 - Silver 16 game 10,2026-07-06,Aranwar,222,hypodg,204,llsgnm,193.0,StonedHenge420,168.0,4
International S34 - Silver 4 game 7,2026-07-06,Padishar,304,Rob_Stedman,277,Herdeksunek,239.0,,,3
International S34 - Wood 1 game 4,2026-07-06,Daze,274,Dunketelin,147,JS619,-3.0,,,3
International S34 - Wood 10 game 11,2026-07-06,Suddoman,194,KMMAL,185,Bizniouf,142.0,Fullynice,131.0,4
International S34 - Wood 6 game 4,2026-07-06,FrancoisFerdinand,284,BuddhaBoost,213,ClaridadNocturna,210.0,,,3
International S34 - Wood 6 game 9,2026-07-06,BuddhaBoost,272,Diogenes,266,Everex,228.0,ClaridadNocturna,199.0,4
International S34 - Wood 8 game 7,2026-07-06,Mitchum,185,J-dog,152,Kruch,129.0,,,3
International S34 - Wood 9 game 11,2026-07-06,Ulyssess,221,luigino71,191,Boardello,191.0,Glamdring,182.0,4
International S34 - Bronze 1 game 10,2026-07-07,Unterjochen,266,TheElk,197,Parcival,193.0,petrau77,166.0,4
International S34 - Bronze 15 game 10,2026-07-07,Tukhachevsky,237,vodka,230,firlefanzer,210.0,maciek,158.0,4
International S34 - Bronze 17 game 14,2026-07-07,Happykitten,219,baggioka,175,Pigeonpostman,108.0,tronnemann,105.0,4
International S34 - Bronze 19 game 11,2026-07-07,Impr,281,GrazDozTrez,220,rcia,201.0,Strawer_1982,149.0,4
International S34 - Bronze 20 game 3,2026-07-07,BobChiringuito,227,chris223,167,sttailtw,145.0,,,3
International S34 - Bronze 30 game 4,2026-07-07,dougthonus,218,dmhalford,184,IpaStian,162.0,,,3
International S34 - Gold 2 game 11,2026-07-07,FreddyCrugerKiller,197,FirstOfDao,187,TorbenOfHerpes,186.0,Shagrat,177.0,4
International S34 - Gold 5 game 9,2026-07-07,DiddleySquat,437,Kay,314,jacksonray,294.0,Reenter73,-5.0,4
International S34 - Gold 6 game 11,2026-07-07,Nightvayne,297,Praetorianer,222,arthurlam90,205.0,NFGM,169.0,4
International S34 - Master 2 game 4,2026-07-07,Angor,143,takusto_II,141,Lander90,104.0,,,3
International S34 - Platinum 2 game 6,2026-07-07,pajada,217,Huettengaudi,200,Allfather,166.0,,,3
International S34 - Silver 10 game 10,2026-07-07,Gyphon,239,fathope,201,rap2,192.0,Ddafaith,151.0,4
International S34 - Silver 12 game 14,2026-07-07,Garri,221,guppyfry,208,occupied,167.0,Cooper,135.0,4
International S34 - Silver 16 game 4,2026-07-07,FrenkDeTank,232,StonedHenge420,213,hypodg,194.0,,,3
International S34 - Wood 1 game 10,2026-07-07,Melon6688,199,Claudius74,145,Dunketelin,126.0,Daze,74.0,4
International S34 - Wood 10 game 7,2026-07-07,KMMAL,189,Bizniouf,154,oldmutant,142.0,,,3
International S34 - Wood 6 game 10,2026-07-07,Everex,345,FrancoisFerdinand,325,BuddhaBoost,315.0,IrenaX,293.0,4
International S34 - Bronze 10 game 6,2026-07-08,Michcio,205,JohnyT,196,Marabu8,189.0,,,3
International S34 - Bronze 10 game 7,2026-07-08,z0pfel,149,Michcio,149,Sarek,138.0,,,3
International S34 - Bronze 11 game 14,2026-07-08,comant,170,SeanHandley,142,Rajeev,134.0,Marinheiro,131.0,4
International S34 - Bronze 2 game 7,2026-07-08,Lammoth,227,Saerleon,222,Dzsabo,141.0,,,3
International S34 - Bronze 20 game 9,2026-07-08,BobChiringuito,229,RougeEconomist,179,Cresspahl,174.0,chris223,115.0,4
International S34 - Bronze 23 game 14,2026-07-08,bcnoexceptions,258,jmcj,213,sergilicious,209.0,Jolli,163.0,4
International S34 - Bronze 24 game 11,2026-07-08,Cleveman,199,Carbon14,194,dubler,168.0,monkeyml,-5.0,4
International S34 - Bronze 28 game 14,2026-07-08,Daniii,204,ElTanque35,174,Victory7,170.0,abobey,144.0,4
International S34 - Bronze 29 game 4,2026-07-08,dfarhi,153,rustylantern,95,Sophia,-3.0,,,3
International S34 - Bronze 8 game 7,2026-07-08,Vortex1612,304,ChipsAhoya,164,Pulpecja,60.0,,,3
International S34 - Gold 4 game 11,2026-07-08,Goldfinger_,284,drodriguez,274,Dread_84,227.0,MidnightFox,216.0,4
International S34 - Gold 5 game 8,2026-07-08,maxolino,335,PhiTrigger,268,DiddleySquat,267.0,Reenter73,-5.0,4
International S34 - Grandmaster game 10,2026-07-08,Grozz,243,funestus,233,Martin_Pecheur,227.0,Weidenbaum,158.0,4
International S34 - Silver 1 game 14,2026-07-08,northlynx,278,DarthVaderDLotS,239,ElKhan,197.0,JoshyWiggins,156.0,4
International S34 - Silver 14 game 7,2026-07-08,St-Amadeus,240,Tasso,185,holy834,177.0,,,3
International S34 - Silver 2 game 7,2026-07-08,Yookie,287,wartin,187,Durloc,173.0,,,3
International S34 - Silver 3 game 14,2026-07-08,brunoerwin,164,Panthera,150,richardhell,117.0,DB.Starman,117.0,4
International S34 - Silver 5 game 7,2026-07-08,Vangelisb,316,Flackk,280,norbetk,279.0,,,3
International S34 - Wood 11 game 3,2026-07-08,Ioannis3,240,peppe76,206,Dimitris,148.0,,,3
International S34 - Wood 2 game 10,2026-07-08,Dvd75,273,Jmstoic,269,Samantho,248.0,Vegeta4791,186.0,4
International S34 - Wood 2 game 7,2026-07-08,Vegeta4791,185,Cromlech,184,Jmstoic,160.0,,,3
International S34 - Wood 3 game 7,2026-07-08,Jesaphi,174,buso1705,136,Saph4ir,134.0,,,3
International S34 - Wood 7 game 10,2026-07-08,NoJoVin,258,RoboKay314,244,Gr33ny,141.0,OodOok,-5.0,4
International S34 - Wood 7 game 11,2026-07-08,RoboKay314,154,Peaceminusone,153,NoJoVin,128.0,Netrom,127.0,4
International S34 - Wood 9 game 3,2026-07-08,Boardello,233,Chriiiss,232,Ulyssess,173.0,,,3
International S34 - Bronze 1 game 4,2026-07-09,Unterjochen,347,Parcival,290,LhuCaS,270.0,,,3
International S34 - Bronze 13 game 4,2026-07-09,Darek79,231,Rasputin,207,vratia,164.0,,,3
International S34 - Bronze 15 game 7,2026-07-09,maciek,206,Tukhachevsky,197,Quasar_Enderas,193.0,,,3
International S34 - Bronze 21 game 11,2026-07-09,Ekdezel,330,DucciEmi,288,albinsix,219.0,Ivan04,-5.0,4
International S34 - Bronze 21 game 7,2026-07-09,DucciEmi,150,albinsix,141,Faeyon,-5.0,,,3
International S34 - Bronze 22 game 7,2026-07-09,ecec,304,Tomtomparking,133,Dienekes,121.0,,,3
International S34 - Bronze 3 game 7,2026-07-09,MysteriousWizard,277,Otto_von_Bismarck,260,Watlersen,246.0,,,3
International S34 - Bronze 30 game 15,2026-07-09,Darain,207,sergraim,177,kev5047,167.0,,,3
International S34 - Bronze 5 game 6,2026-07-09,Sengir80,227,CrystalPete420,181,collace,121.0,,,3
International S34 - Bronze 8 game 14,2026-07-09,LordTheodore,220,CloneFish,153,EnozamaIV,123.0,ksfga,96.0,4
International S34 - Gold 3 game 3,2026-07-09,PlanarFreak,212,Sunmaster14_LV,199,kenchan,171.0,,,3
International S34 - Gold 3 game 9,2026-07-09,Pitor,226,Sunmaster14_LV,193,kenchan,185.0,Dethar,185.0,4
International S34 - Grandmaster game 4,2026-07-09,Grozz,206,Weidenbaum,189,Genghisip,186.0,,,3
International S34 - Master 1 game 7,2026-07-09,Arne,248,Tamirys,214,Lech,183.0,,,3
International S34 - Master 2 game 11,2026-07-09,mwi,198,Sektat,193,scipio238,170.0,wolvs,128.0,4
International S34 - Master 2 game 7,2026-07-09,wolvs,161,scipio238,156,Lander90,144.0,,,3
International S34 - Silver 11 game 5,2026-07-09,roverandom,211,Kuter,171,Jochabeth,97.0,,,3
International S34 - Silver 13 game 11,2026-07-09,Mike1313,193,Dvale112,191,MurphyAKL,185.0,brainac,116.0,4
International S34 - Silver 2 game 4,2026-07-09,FenPlays,203,Durloc,170,trzeciakson,146.0,,,3
International S34 - Silver 5 game 14,2026-07-09,Mattian12000,250,Dayvs,204,DadboBaggins,151.0,Depp,-4.0,4
International S34 - Silver 6 game 14,2026-07-09,ChampDeGlace,264,Kor,244,Trond79,231.0,schwam,-4.0,4
International S34 - Silver 7 game 11,2026-07-09,flutter,225,Tyrtaios,205,jSan,143.0,Spence2102,-4.0,4
International S34 - Silver 7 game 7,2026-07-09,jSan,255,Beebs,229,Spence2102,193.0,,,3
International S34 - Silver 9 game 5,2026-07-09,khyung,186,belowfox,168,Notbot66,145.0,,,3
International S34 - Wood 1 game 6,2026-07-09,Claudius74,264,Melon6688,238,JS619,213.0,,,3
International S34 - Wood 5 game 11,2026-07-09,Mejdzr,290,WraightCZ,269,PacoHolliday,262.0,Vi15So17,252.0,4
International S34 - Wood 5 game 7,2026-07-09,Vi15So17,268,ThomasM,188,Mejdzr,122.0,,,3
International S34 - Wood 7 game 14,2026-07-09,NoJoVin,267,Netrom,262,AnBeLi3v4bLe,210.0,Gr33ny,-4.0,4
International S34 - Bronze 10 game 12,2026-07-10,Marabu8,183,Michcio,149,loMucho,135.0,z0pfel,111.0,4
International S34 - Bronze 11 game 5,2026-07-10,SeanHandley,184,Rajeev,175,pavelceska,146.0,,,3
International S34 - Bronze 16 game 7,2026-07-10,JakubZGandalfova,293,MyriamVanErum,196,gulper,-5.0,,,3
International S34 - Bronze 19 game 4,2026-07-10,Nicks,205,Tuty,159,JohnnyMac,106.0,,,3
International S34 - Bronze 21 game 6,2026-07-10,Dubz,295,DucciEmi,213,Ivan04,-5.0,,,3
International S34 - Bronze 27 game 6,2026-07-10,nathanb,140,Dumnac,133,Mammaklaskern,62.0,,,3
International S34 - Bronze 3 game 14,2026-07-10,DieKrake89,372,DonStino,200,kaeptnblaubaer,167.0,nattee,154.0,4
International S34 - Bronze 31 game 7,2026-07-10,nkbobo,428,tanman,238,Teadiddy14,-5.0,,,3
International S34 - Bronze 4 game 11,2026-07-10,wittr,307,Limdul1988,222,G_7,205.0,amadeo,200.0,4
International S34 - Bronze 4 game 5,2026-07-10,G_7,204,larshb,158,wittr,138.0,,,3
International S34 - Bronze 5 game 11,2026-07-10,xYotsuba,251,javimb89,229,CrystalPete420,221.0,collace,198.0,4
International S34 - Bronze 5 game 7,2026-07-10,xYotsuba,238,collace,165,Kelern,-3.0,,,3
International S34 - Bronze 7 game 7,2026-07-10,Kroplasowy,145,Desgenais,106,skab12,67.0,,,3
International S34 - Bronze 8 game 6,2026-07-10,EnozamaIV,231,LordTheodore,212,Pulpecja,146.0,,,3
International S34 - Gold 3 game 4,2026-07-10,RudyRunner666,261,Sunmaster14_LV,212,Pitor,209.0,,,3
International S34 - Gold 7 game 5,2026-07-10,BoatyMcBoatface,253,Attrill20,221,Romendil,181.0,,,3
International S34 - Gold 8 game 5,2026-07-10,Xterm,230,ed_vins,213,Hisbossness,164.0,,,3
International S34 - Master 1 game 10,2026-07-10,Tamirys,328,Arne,253,Vantablack,238.0,Majondor,176.0,4
International S34 - Platinum 3 game 5,2026-07-10,Lcfyx,285,Raffaello,237,Papaver,234.0,,,3
International S34 - Silver 13 game 14,2026-07-10,Dvale112,177,Zaij,161,Alfonsillo,153.0,Mike1313,137.0,4
International S34 - Silver 13 game 7,2026-07-10,brainac,172,Aruta,153,MurphyAKL,106.0,,,3
International S34 - Silver 16 game 11,2026-07-10,Masox,174,DavidSegoviano,160,Aranwar,149.0,llsgnm,136.0,4
International S34 - Silver 16 game 7,2026-07-10,DavidSegoviano,169,StonedHenge420,167,llsgnm,142.0,,,3
International S34 - Silver 7 game 14,2026-07-10,LeoM,209,Tyrtaios,156,flutter,108.0,Magesolo,-4.0,4
International S34 - Silver 7 game 6,2026-07-10,jSan,247,flutter,230,LeoM,208.0,,,3
International S34 - Silver 9 game 14,2026-07-10,khyung,205,Budde,176,Notbot66,130.0,daggsea,-4.0,4
International S34 - Wood 9 game 7,2026-07-10,Ulyssess,158,luigino71,154,Maxxxx,-5.0,,,3
International S34 - Bronze 11 game 11,2026-07-11,Rajeev,222,zackg,164,prozio,147.0,SeanHandley,130.0,4
International S34 - Bronze 12 game 6,2026-07-11,Purplegoo,210,Adrianobf,192,RiRu,141.0,,,3
International S34 - Bronze 16 game 5,2026-07-11,theussner79,202,Bathman,155,gulper,-5.0,,,3
International S34 - Bronze 18 game 13,2026-07-11,vito,191,t-k-421,179,Conzi,166.0,GerwinW,130.0,4
International S34 - Bronze 18 game 5,2026-07-11,Terence,274,vito,240,GerwinW,211.0,,,3
International S34 - Bronze 2 game 14,2026-07-11,shohei,256,jdtyler7,224,micropip,180.0,peposqui,168.0,4
International S34 - Bronze 21 game 5,2026-07-11,Ekdezel,241,Ivan04,-5,Faeyon,-5.0,,,3
International S34 - Bronze 22 game 5,2026-07-11,Krex,183,brumynut,171,ecec,166.0,,,3
International S34 - Bronze 23 game 7,2026-07-11,OhNoItsNot,203,Csannerud,160,seviech,157.0,,,3
International S34 - Bronze 25 game 14,2026-07-11,migoet,249,Largos,179,Shiffdog,169.0,Haxxorn,-5.0,4
International S34 - Bronze 27 game 12,2026-07-11,Mammaklaskern,418,Sergeeeee,409,opatulony,343.0,Dumnac,238.0,4
International S34 - Bronze 27 game 14,2026-07-11,nathanb,268,Dumnac,233,opatulony,220.0,BuWu,212.0,4
International S34 - Bronze 27 game 5,2026-07-11,BuWu,210,nathanb,194,GregoryD,190.0,,,3
International S34 - Bronze 3 game 5,2026-07-11,Otto_von_Bismarck,269,nattee,211,DonStino,184.0,,,3
International S34 - Bronze 7 game 11,2026-07-11,Thisisnotasmile,268,Kroplasowy,232,skab12,214.0,Drk,189.0,4
International S34 - Bronze 8 game 5,2026-07-11,LordTheodore,164,Vortex1612,155,CloneFish,135.0,,,3
International S34 - Gold 7 game 14,2026-07-11,BoatyMcBoatface,317,Obinger_Alphons,232,Romendil,223.0,Gagic,134.0,4
International S34 - Platinum 2 game 14,2026-07-11,WhateverParsley,184,Momomillion,113,Allfather,106.0,pajada,69.0,4
International S34 - Platinum 4 game 10,2026-07-11,dannyboy14,290,daimx,264,CaesarSalah,255.0,tupper,142.0,4
International S34 - Silver 2 game 11,2026-07-11,FlyGon,265,wartin,241,Gudimundi,193.0,Yookie,90.0,4
International S34 - Silver 4 game 11,2026-07-11,Rob_Stedman,302,Herdeksunek,260,LT.Stuntovic,246.0,JimmyLin,243.0,4
International S34 - Silver 5 game 5,2026-07-11,Dayvs,265,norbetk,181,Mattian12000,132.0,,,3
International S34 - Silver 9 game 6,2026-07-11,daggsea,194,Rolls.Royal,189,khyung,185.0,,,3
International S34 - Wood 9 game 5,2026-07-11,Boardello,292,Glamdring,265,Maxxxx,-5.0,,,3
International S34 - Bronze 1 game 7,2026-07-12,quirrell,221,Parcival,160,petrau77,41.0,,,3
International S34 - Bronze 13 game 11,2026-07-12,OrionAlpha,236,decoy1980,221,TheKrunk,209.0,Captn4wesome,193.0,4
International S34 - Bronze 17 game 11,2026-07-12,Happykitten,294,lavasija,183,Pshemo,138.0,tronnemann,129.0,4
International S34 - Bronze 2 game 5,2026-07-12,shohei,173,micropip,162,Lammoth,109.0,,,3
International S34 - Bronze 23 game 6,2026-07-12,OhNoItsNot,153,jmcj,91,sergilicious,78.0,,,3
International S34 - Bronze 24 game 7,2026-07-12,Carbon14,202,Cleveman,138,Bedrich_H,71.0,,,3
International S34 - Bronze 26 game 14,2026-07-12,tnawrocki,292,Mephist,225,boogy5,194.0,Vinny6060,-5.0,4
International S34 - Bronze 26 game 6,2026-07-12,Kajdi,277,tnawrocki,226,Mephist,208.0,,,3
International S34 - Bronze 31 game 14,2026-07-12,MrGekz,232,HRG,160,Daemon3142,157.0,SKJaCaRD,74.0,4
International S34 - Bronze 4 game 7,2026-07-12,amadeo,325,larshb,210,Limdul1988,193.0,,,3
International S34 - Bronze 6 game 11,2026-07-12,SimTubez,386,Proteus,272,MechJayTi2,227.0,Clarinachos,138.0,4
International S34 - Bronze 6 game 7,2026-07-12,SimTubez,356,Bull3,303,Clarinachos,120.0,,,3
International S34 - Gold 3 game 11,2026-07-12,PlanarFreak,266,Malakesh,248,Dethar,243.0,kenchan,96.0,4
International S34 - Gold 3 game 7,2026-07-12,kenchan,203,Pitor,197,Malakesh,174.0,,,3
International S34 - Gold 5 game 10,2026-07-12,Kay,298,jezza101,253,Reenter73,232.0,PhiTrigger,213.0,4
International S34 - Grandmaster game 11,2026-07-12,Martin_Pecheur,244,funestus,236,Eepogi,223.0,Vovka,191.0,4
International S34 - Master 2 game 5,2026-07-12,mwi,229,Sektat,196,Lander90,143.0,,,3
International S34 - Platinum 3 game 4,2026-07-12,Kolo,221,Spartan1337,198,Papaver,184.0,,,3
International S34 - Silver 1 game 11,2026-07-12,Fjantarik,200,Shincham,182,northlynx,143.0,DarthVaderDLotS,65.0,4
International S34 - Silver 10 game 14,2026-07-12,fathope,289,Gyphon,264,LordMichael,235.0,Spoobill,174.0,4
International S34 - Silver 13 game 5,2026-07-12,Dvale112,200,Mike1313,162,Aruta,127.0,,,3
International S34 - Silver 14 game 14,2026-07-12,GoblinMatron,276,Fleepa0,264,henrymerrivale,232.0,Dovi,226.0,4
International S34 - Silver 16 game 5,2026-07-12,Masox,152,Aranwar,99,StonedHenge420,-3.0,,,3
International S34 - Silver 3 game 7,2026-07-12,maunzzz,175,JiriHosek,159,haimke,113.0,,,3
International S34 - Silver 6 game 5,2026-07-12,Trond79,256,baodalanxin,176,ChampDeGlace,162.0,,,3
International S34 - Silver 7 game 12,2026-07-12,jSan,221,Spence2102,195,Magesolo,179.0,LeoM,160.0,4
International S34 - Wood 1 game 14,2026-07-12,AdiQue,242,JS619,171,Dunketelin,166.0,Claudius74,120.0,4
International S34 - Wood 10 game 6,2026-07-12,Bizniouf,291,Wombelbat,280,Fullynice,175.0,,,3
International S34 - Wood 11 game 11,2026-07-12,CyberRFG,237,CuJ,171,Ioannis3,159.0,peppe76,-5.0,4
International S34 - Wood 11 game 9,2026-07-12,Wennejoekel,132,Ioannis3,128,CuJ,121.0,Dimitris,91.0,4
International S34 - Bronze 11 game 7,2026-07-13,pavelceska,182,zackg,116,prozio,116.0,,,3
International S34 - Bronze 12 game 7,2026-07-13,RiRu,214,Izio,171,Tasku,169.0,,,3
International S34 - Bronze 13 game 5,2026-07-13,decoy1980,146,OrionAlpha,142,Rasputin,-3.0,,,3
International S34 - Bronze 14 game 11,2026-07-13,nerficya,188,HopeForLuck,180,dragonst33d,133.0,vyvy,106.0,4
International S34 - Bronze 14 game 7,2026-07-13,nerficya,341,lcesar34,322,vyvy,180.0,,,3
International S34 - Bronze 15 game 11,2026-07-13,Tukhachevsky,388,giannisoad,345,Quasar_Enderas,326.0,vodka,-5.0,4
International S34 - Bronze 18 game 6,2026-07-13,CRocky,236,scaggi,192,Terence,154.0,,,3
International S34 - Bronze 24 game 5,2026-07-13,dubler,207,monkeyml,164,Bedrich_H,-3.0,,,3
International S34 - Bronze 26 game 5,2026-07-13,boogy5,289,tnawrocki,227,Kartek,218.0,,,3
International S34 - Bronze 28 game 11,2026-07-13,ArthursDad,188,Daniii,186,Izayoi,166.0,abobey,-4.0,4
International S34 - Bronze 28 game 7,2026-07-13,ArthursDad,302,Izayoi,269,irule,243.0,,,3
International S34 - Bronze 31 game 6,2026-07-13,Daemon3142,205,SKJaCaRD,118,Teadiddy14,-5.0,,,3
International S34 - Bronze 32 game 12,2026-07-13,Sun_Zoo,291,JoopHuizinga,253,ZioKhan,193.0,Mul,140.0,4
International S34 - Bronze 5 game 14,2026-07-13,Bergen,358,Sengir80,304,CrystalPete420,279.0,javimb89,230.0,4
International S34 - Gold 6 game 5,2026-07-13,Zegs,259,Praetorianer,254,arthurlam90,232.0,,,3
International S34 - Master 2 game 14,2026-07-13,Angor,252,mwi,217,Sektat,200.0,takusto_II,152.0,4
International S34 - Silver 1 game 6,2026-07-13,ElKhan,298,northlynx,234,Shincham,219.0,,,3
International S34 - Silver 11 game 6,2026-07-13,Firedart,237,roverandom,179,RoxasVen,152.0,,,3
International S34 - Silver 12 game 7,2026-07-13,MoxNox,153,Gavatron,149,Dragonite,140.0,,,3
International S34 - Silver 5 game 6,2026-07-13,DadboBaggins,187,Dayvs,159,Flackk,134.0,,,3
International S34 - Wood 11 game 14,2026-07-13,Exile,214,peppe76,205,CuJ,85.0,Dimitris,-4.0,4
International S34 - Wood 5 game 14,2026-07-13,PacoHolliday,390,WraightCZ,254,DaddySparky,237.0,Garban7,224.0,4
International S34 - Wood 7 game 5,2026-07-13,Netrom,207,OodOok,176,NoJoVin,165.0,,,3
International S34 - Wood 8 game 5,2026-07-13,Paoloco,182,Froggy42,181,Kruch,181.0,,,3
International S34 - Wood 9 game 4,2026-07-13,KorXo,324,Chriiiss,302,Maxxxx,-5.0,,,3
International S34 - Bronze 12 game 14,2026-07-14,Adrianobf,297,Thomi,295,Purplegoo,275.0,Alistair,259.0,4
International S34 - Bronze 13 game 9,2026-07-14,Captn4wesome,333,Rasputin,273,OrionAlpha,269.0,vratia,211.0,4
International S34 - Bronze 16 game 14,2026-07-14,theussner79,239,ChosenWizard,212,RobertdeSable,211.0,Bathman,200.0,4
International S34 - Bronze 19 game 5,2026-07-14,Impr,186,GrazDozTrez,138,Nicks,97.0,,,3
International S34 - Bronze 20 game 10,2026-07-14,InfiniteZest,205,RougeEconomist,192,michasz,184.0,Cresspahl,178.0,4
International S34 - Bronze 23 game 5,2026-07-14,Jolli,230,Csannerud,200,jmcj,145.0,,,3
International S34 - Bronze 25 game 5,2026-07-14,Largos,311,Shiffdog,246,LoreNacho,-5.0,,,3
International S34 - Bronze 25 game 7,2026-07-14,Arkadiussus,245,Chris10,186,LoreNacho,-5.0,,,3
International S34 - Bronze 32 game 6,2026-07-14,Sun_Zoo,236,JoopHuizinga,186,Monik,141.0,,,3
International S34 - Gold 1 game 14,2026-07-14,Brightfuture,210,heisenberg_97,164,JCleek,157.0,Ristey,-5.0,4
International S34 - Gold 2 game 12,2026-07-14,TorbenOfHerpes,246,HCsquared,218,FreddyCrugerKiller,215.0,LordPeter,159.0,4
International S34 - Gold 2 game 6,2026-07-14,FirstOfDao,212,FreddyCrugerKiller,183,HCsquared,166.0,,,3
International S34 - Gold 6 game 14,2026-07-14,Praetorianer,327,zadokk,286,BlixLT,249.0,arthurlam90,223.0,4
International S34 - Gold 6 game 6,2026-07-14,Nightvayne,167,Praetorianer,152,zadokk,149.0,,,3
International S34 - Master 1 game 11,2026-07-14,yaop,307,Tamirys,302,Lech,204.0,Vantablack,-5.0,4
International S34 - Master 1 game 6,2026-07-14,Dantes,249,Tamirys,186,Vantablack,-5.0,,,3
International S34 - Platinum 1 game 10,2026-07-14,Boromir7,255,saru,251,Cogito3,220.0,Turdle,183.0,4
International S34 - Platinum 1 game 14,2026-07-14,Tordread,263,saru,226,RestlessMe,160.0,Turdle,73.0,4
International S34 - Platinum 4 game 11,2026-07-14,totsilence,223,daimx,211,GrandHedgehog,178.0,tupper,161.0,4
International S34 - Silver 14 game 6,2026-07-14,Fleepa0,265,holy834,151,henrymerrivale,42.0,,,3
International S34 - Silver 3 game 5,2026-07-14,maunzzz,211,DB.Starman,181,richardhell,141.0,,,3
International S34 - Silver 6 game 6,2026-07-14,LittleBob,195,schwam,138,ChampDeGlace,128.0,,,3
International S34 - Silver 8 game 5,2026-07-14,aaaaa,226,Aftheiss,221,Aaronwebber,194.0,,,3
International S34 - Silver 8 game 6,2026-07-14,KEIL,273,Skaiwalker,273,Aftheiss,158.0,,,3
International S34 - Wood 11 game 4,2026-07-14,Dimitris,270,Wennejoekel,234,Exile,192.0,,,3
International S34 - Wood 3 game 11,2026-07-14,Crs,341,xeveli,223,Jesaphi,215.0,buso1705,146.0,4
International S34 - Wood 4 game 11,2026-07-14,N4F,312,Icarium,214,metternich,166.0,RodaxIII,-5.0,4
International S34 - Wood 5 game 13,2026-07-14,Vi15So17,222,ThomasM,178,Garban7,155.0,WraightCZ,134.0,4
International S34 - Wood 7 game 7,2026-07-14,RoboKay314,236,Peaceminusone,212,OodOok,193.0,,,3
International S34 - Bronze 1 game 11,2026-07-15,quirrell,274,wombats111,232,TheElk,215.0,petrau77,208.0,4
International S34 - Bronze 11 game 13,2026-07-15,pavelceska,252,Rajeev,191,comant,145.0,zackg,125.0,4
International S34 - Bronze 13 game 14,2026-07-15,Darek79,264,OrionAlpha,198,vratia,173.0,decoy1980,132.0,4
International S34 - Bronze 17 game 5,2026-07-15,eggmancs,281,tronnemann,246,Happykitten,235.0,,,3
International S34 - Bronze 20 game 7,2026-07-15,InfiniteZest,229,chris223,226,Cresspahl,208.0,,,3
International S34 - Bronze 21 game 14,2026-07-15,Ekdezel,246,snakilan,182,Dubz,180.0,Ivan04,-5.0,4
International S34 - Bronze 25 game 6,2026-07-15,Arkadiussus,241,migoet,153,Shiffdog,57.0,,,3
International S34 - Bronze 26 game 7,2026-07-15,Kajdi,209,blackwave,159,Kartek,157.0,,,3
International S34 - Bronze 29 game 10,2026-07-15,dfarhi,226,Rob13,162,Bobisko,145.0,rustylantern,143.0,4
International S34 - Bronze 3 game 6,2026-07-15,MysteriousWizard,192,DieKrake89,185,DonStino,77.0,,,3
International S34 - Bronze 32 game 14,2026-07-15,Sun_Zoo,299,Drizzt84,211,Monik,204.0,Mul,203.0,4
International S34 - Bronze 6 game 13,2026-07-15,SimTubez,241,Bull3,200,MechJayTi2,123.0,Asperins,-4.0,4
International S34 - Gold 3 game 5,2026-07-15,Dethar,267,Pitor,247,PlanarFreak,239.0,,,3
International S34 - Gold 8 game 13,2026-07-15,borz.zrob,240,bobaboba,181,Hisbossness,178.0,ed_vins,113.0,4
International S34 - Grandmaster game 5,2026-07-15,Martin_Pecheur,231,Weidenbaum,182,Vovka,-5.0,,,3
International S34 - Master 2 game 6,2026-07-15,wolvs,212,takusto_II,154,mwi,-3.0,,,3
International S34 - Platinum 2 game 5,2026-07-15,zoldaria,282,Allfather,274,WhateverParsley,130.0,,,3
International S34 - Platinum 4 game 7,2026-07-15,tupper,275,totsilence,239,dannyboy14,236.0,,,3
International S34 - Silver 12 game 5,2026-07-15,occupied,326,Gavatron,267,guppyfry,174.0,,,3
International S34 - Silver 12 game 6,2026-07-15,Garri,211,Dragonite,198,guppyfry,182.0,,,3
International S34 - Silver 13 game 6,2026-07-15,Dvale112,211,brainac,209,Zaij,160.0,,,3
International S34 - Silver 2 game 5,2026-07-15,Durloc,280,FlyGon,199,Gudimundi,110.0,,,3
International S34 - Wood 10 game 14,2026-07-15,Wombelbat,294,Fullynice,243,Larsusvonundzu,237.0,Suddoman,234.0,4
International S34 - Wood 2 game 14,2026-07-15,Dvd75,240,Kejml,186,Samantho,83.0,DBaker17,-5.0,4
International S34 - Wood 2 game 5,2026-07-15,Dvd75,200,Jmstoic,182,DBaker17,-5.0,,,3
International S34 - Wood 2 game 6,2026-07-15,Vegeta4791,210,Kejml,197,Dvd75,127.0,,,3
International S34 - Wood 3 game 6,2026-07-15,Jume,251,buso1705,160,xeveli,42.0,,,3
International S34 - Wood 4 game 12,2026-07-15,aoe2champ,305,metternich,239,Sirovec,235.0,RodaxIII,-5.0,4
International S34 - Wood 5 game 5,2026-07-15,ThomasM,229,WraightCZ,163,PacoHolliday,127.0,,,3
International S34 - Wood 6 game 14,2026-07-15,ClaridadNocturna,187,Everex,176,Gympanse,174.0,FrancoisFerdinand,174.0,4
International S34 - Bronze 10 game 5,2026-07-16,JohnyT,275,Sarek,267,Archangel,232.0,,,3
International S34 - Bronze 13 game 7,2026-07-16,TheKrunk,307,Captn4wesome,219,Rasputin,186.0,,,3
International S34 - Bronze 18 game 12,2026-07-16,scaggi,230,Conzi,230,CRocky,207.0,t-k-421,-4.0,4
International S34 - Bronze 22 game 14,2026-07-16,bryanckh,225,Krex,193,Tony117,174.0,brumynut,157.0,4
International S34 - Bronze 24 game 6,2026-07-16,Cleveman,262,Radvan,254,monkeyml,176.0,,,3
International S34 - Bronze 25 game 11,2026-07-16,Shiffdog,203,Largos,172,Arkadiussus,161.0,Chris10,161.0,4
International S34 - Bronze 27 game 13,2026-07-16,BuWu,260,GregoryD,256,Sergeeeee,241.0,opatulony,173.0,4
International S34 - Bronze 28 game 5,2026-07-16,Daniii,287,irule,226,abobey,-5.0,,,3
International S34 - Bronze 29 game 11,2026-07-16,FiveGee,289,Rob13,262,Bobisko,223.0,Ricicle,217.0,4
International S34 - Bronze 3 game 13,2026-07-16,Watlersen,217,nattee,174,Otto_von_Bismarck,162.0,kaeptnblaubaer,146.0,4
International S34 - Bronze 30 game 6,2026-07-16,Darain,163,dmhalford,114,sergraim,93.0,,,3
International S34 - Bronze 4 game 6,2026-07-16,G_7,286,Legoman,282,amadeo,220.0,,,3
International S34 - Bronze 5 game 5,2026-07-16,CrystalPete420,231,Kelern,220,javimb89,186.0,,,3
International S34 - Bronze 6 game 14,2026-07-16,AdamYedidia,232,MechJayTi2,176,Proteus,163.0,Asperins,-4.0,4
International S34 - Bronze 6 game 5,2026-07-16,Proteus,295,Bull3,270,MechJayTi2,255.0,,,3
International S34 - Bronze 9 game 6,2026-07-16,Stefan665,183,Francesco1812,155,Hotti180,144.0,,,3
International S34 - Bronze 9 game 7,2026-07-16,klokwork,136,Hotti180,125,sorecats,-3.0,,,3
International S34 - Gold 1 game 12,2026-07-16,JCleek,265,heisenberg_97,259,MartinW,222.0,jingjing123,-5.0,4
International S34 - Gold 1 game 6,2026-07-16,JCleek,181,MartinW,168,Ristey,142.0,,,3
International S34 - Gold 2 game 14,2026-07-16,HCsquared,366,FirstOfDao,318,Shagrat,307.0,LordPeter,230.0,4
International S34 - Gold 4 game 10,2026-07-16,drodriguez,332,MidnightFox,293,WanderingWolf,254.0,Slender,-5.0,4
International S34 - Gold 4 game 14,2026-07-16,GerisNezus,252,Goldfinger_,249,Slender,218.0,MidnightFox,198.0,4
International S34 - Gold 8 game 14,2026-07-16,bobaboba,242,Xterm,237,ed_vins,172.0,funnytortoise,89.0,4
International S34 - Master 1 game 5,2026-07-16,yaop,222,Arne,-2,Vantablack,-5.0,,,3
International S34 - Platinum 1 game 11,2026-07-16,Doobie,234,saru,218,Cogito3,205.0,Tordread,-5.0,4
International S34 - Platinum 3 game 6,2026-07-16,Kolo,167,Raffaello,149,tianren4561367,145.0,,,3
International S34 - Silver 11 game 14,2026-07-16,Firedart,285,roverandom,247,LeonidasI,202.0,Kuter,198.0,4
International S34 - Silver 15 game 5,2026-07-16,Barnes,169,Ralf-TtA,111,Medgar,104.0,,,3
International S34 - Silver 3 game 6,2026-07-16,brunoerwin,152,DB.Starman,121,JiriHosek,58.0,,,3
International S34 - Silver 8 game 14,2026-07-16,TrilceAC,218,Aaronwebber,214,Aftheiss,200.0,KEIL,126.0,4
International S34 - Wood 5 game 6,2026-07-16,Mejdzr,312,DaddySparky,255,PacoHolliday,242.0,,,3
International S34 - Bronze 12 game 12,2026-07-17,Adrianobf,306,RiRu,277,Tasku,242.0,Alistair,220.0,4
International S34 - Bronze 12 game 4,2026-07-17,Izio,241,Adrianobf,233,Alistair,203.0,,,3
International S34 - Bronze 14 game 13,2026-07-17,nerficya,189,lcesar34,158,Bookhouseboy,154.0,dragonst33d,-4.0,4
International S34 - Bronze 15 game 5,2026-07-17,vodka,224,maciek,204,giannisoad,26.0,,,3
International S34 - Bronze 17 game 13,2026-07-17,Pigeonpostman,190,eggmancs,190,tronnemann,142.0,lavasija,108.0,4
International S34 - Bronze 2 game 13,2026-07-17,peposqui,342,Saerleon,299,shohei,286.0,Lammoth,239.0,4
International S34 - Bronze 2 game 6,2026-07-17,jdtyler7,189,micropip,145,Dzsabo,133.0,,,3
International S34 - Bronze 29 game 14,2026-07-17,dfarhi,305,Sophia,195,Ricicle,165.0,Rob13,137.0,4
International S34 - Bronze 3 game 12,2026-07-17,Watlersen,204,MysteriousWizard,188,kaeptnblaubaer,126.0,DieKrake89,-4.0,4
International S34 - Bronze 31 game 12,2026-07-17,Daemon3142,242,HRG,219,tanman,202.0,Teadiddy14,-5.0,4
International S34 - Gold 1 game 5,2026-07-17,Brightfuture,208,Ristey,168,CouchKing,-5.0,,,3
International S34 - Gold 4 game 4,2026-07-17,WanderingWolf,178,Slender,164,GerisNezus,158.0,,,3
International S34 - Gold 6 game 12,2026-07-17,zadokk,271,BlixLT,256,NFGM,222.0,Nightvayne,195.0,4
International S34 - Gold 6 game 13,2026-07-17,Zegs,260,arthurlam90,238,BlixLT,228.0,NFGM,178.0,4
International S34 - Gold 7 game 11,2026-07-17,Kimmo,228,Romendil,190,BoatyMcBoatface,177.0,arDKee,169.0,4
International S34 - Gold 8 game 6,2026-07-17,funnytortoise,249,jRune,242,Xterm,220.0,,,3
International S34 - Grandmaster game 7,2026-07-17,funestus,209,Eepogi,185,Weidenbaum,183.0,,,3
International S34 - Silver 10 game 5,2026-07-17,fathope,148,rap2,124,LordMichael,85.0,,,3
International S34 - Silver 10 game 6,2026-07-17,Ddafaith,144,fathope,144,Spoobill,130.0,,,3
International S34 - Silver 10 game 7,2026-07-17,Ddafaith,99,Banderjax,90,rap2,71.0,,,3
International S34 - Silver 2 game 14,2026-07-17,trzeciakson,165,FenPlays,156,FlyGon,150.0,Gudimundi,143.0,4
International S34 - Silver 5 game 13,2026-07-17,Vangelisb,292,Mattian12000,281,norbetk,257.0,Depp,233.0,4
International S34 - Silver 7 game 5,2026-07-17,Beebs,276,flutter,229,Tyrtaios,196.0,,,3
International S34 - Silver 9 game 12,2026-07-17,Ti-Guy_Latour,222,Rolls.Royal,182,daggsea,180.0,Budde,173.0,4
International S34 - Silver 9 game 13,2026-07-17,Ti-Guy_Latour,273,belowfox,253,Budde,230.0,Notbot66,171.0,4
International S34 - Wood 1 game 7,2026-07-17,Melon6688,232,Wiktor,210,Daze,-5.0,,,3
International S34 - Wood 10 game 5,2026-07-17,oldmutant,211,Suddoman,195,Fullynice,168.0,,,3
International S34 - Wood 11 game 7,2026-07-17,Wennejoekel,236,CyberRFG,233,Ioannis3,187.0,,,3
International S34 - Wood 3 game 14,2026-07-17,Crs,201,vbogoev,182,xeveli,148.0,Jume,135.0,4
International S34 - Wood 3 game 5,2026-07-17,Saph4ir,177,Crs,171,xeveli,120.0,,,3
International S34 - Wood 6 game 11,2026-07-17,Diogenes,231,Gympanse,205,Everex,204.0,IrenaX,129.0,4
International S34 - Bronze 20 game 11,2026-07-18,InfiniteZest,212,sttailtw,210,chris223,175.0,RougeEconomist,147.0,4
International S34 - Bronze 26 game 11,2026-07-18,blackwave,208,Kajdi,168,tnawrocki,147.0,boogy5,109.0,4
International S34 - Bronze 28 game 6,2026-07-18,Daniii,345,ElTanque35,285,ArthursDad,247.0,,,3
International S34 - Bronze 9 game 5,2026-07-18,sorecats,241,Francesco1812,175,Olunia,114.0,,,3
International S34 - Gold 5 game 4,2026-07-18,jezza101,182,Reenter73,180,DiddleySquat,143.0,,,3
International S34 - Platinum 1 game 12,2026-07-18,Doobie,271,Turdle,235,RestlessMe,228.0,Cogito3,212.0,4
International S34 - Platinum 1 game 7,2026-07-18,Boromir7,262,Cogito3,222,Doobie,220.0,,,3
International S34 - Platinum 3 game 13,2026-07-18,Lcfyx,297,Doughnut,233,Papaver,98.0,Spartan1337,-4.0,4
International S34 - Silver 11 game 12,2026-07-18,LeonidasI,211,Firedart,191,RoxasVen,170.0,Garghiii,164.0,4
International S34 - Silver 11 game 13,2026-07-18,LeonidasI,300,Garghiii,256,Kuter,229.0,Jochabeth,212.0,4
International S34 - Silver 14 game 5,2026-07-18,Fleepa0,280,St-Amadeus,246,Dovi,169.0,,,3
International S34 - Silver 15 game 13,2026-07-18,Barnes,181,W1TCH0R,180,BitterBlossom,150.0,Medgar,130.0,4
International S34 - Silver 8 game 13,2026-07-18,Jonny125,219,aaaaa,186,TrilceAC,170.0,Aaronwebber,72.0,4
International S34 - Wood 1 game 12,2026-07-18,Melon6688,231,Wiktor,205,Dunketelin,176.0,JS619,158.0,4
International S34 - Wood 4 game 6,2026-07-18,Sirovec,250,Icarium,232,RodaxIII,-5.0,,,3
International S34 - Wood 6 game 5,2026-07-18,Gympanse,314,BuddhaBoost,310,Everex,206.0,,,3
International S34 - Wood 6 game 7,2026-07-18,Diogenes,276,BuddhaBoost,216,IrenaX,198.0,,,3
International S34 - Wood 7 game 6,2026-07-18,RoboKay314,256,NoJoVin,234,AnBeLi3v4bLe,188.0,,,3
International S34 - Wood 8 game 14,2026-07-18,bobcatbob,321,Paoloco,278,Froggy42,243.0,Alex2297,-4.0,4
International S34 - Bronze 15 game 6,2026-07-19,vodka,196,Tukhachevsky,128,Abuceb,99.0,,,3
International S34 - Bronze 19 game 6,2026-07-19,Tuty,174,rcia,148,GrazDozTrez,110.0,,,3
International S34 - Bronze 22 game 6,2026-07-19,bryanckh,281,brumynut,222,Tomtomparking,203.0,,,3
International S34 - Bronze 4 game 13,2026-07-19,Gubbstyv,226,Limdul1988,194,larshb,177.0,wittr,155.0,4
International S34 - Bronze 7 game 5,2026-07-19,Thisisnotasmile,190,Drk,156,Desgenais,140.0,,,3
International S34 - Silver 13 game 13,2026-07-19,Aruta,287,MurphyAKL,249,Alfonsillo,206.0,Mike1313,160.0,4
International S34 - Silver 14 game 12,2026-07-19,GoblinMatron,233,holy834,177,henrymerrivale,174.0,Tasso,-5.0,4
International S34 - Silver 3 game 13,2026-07-19,maunzzz,288,richardhell,276,Panthera,227.0,haimke,226.0,4
International S34 - Silver 6 game 13,2026-07-19,Kor,254,andykr,253,baodalanxin,229.0,Trond79,196.0,4
International S34 - Silver 8 game 12,2026-07-19,Skaiwalker,263,TrilceAC,230,KEIL,190.0,Jonny125,150.0,4
International S34 - Wood 10 game 12,2026-07-19,KMMAL,332,Bizniouf,292,Larsusvonundzu,253.0,Wombelbat,212.0,4
International S34 - Wood 7 game 13,2026-07-19,Peaceminusone,248,Netrom,183,Gr33ny,177.0,OodOok,176.0,4
International S34 - Wood 8 game 13,2026-07-19,Kruch,307,Mitchum,293,Paoloco,246.0,Alex2297,233.0,4
International S34 - Bronze 10 game 13,2026-07-20,z0pfel,287,loMucho,262,Sarek,245.0,Archangel,236.0,4
International S34 - Bronze 16 game 13,2026-07-20,Bathman,237,RobertdeSable,235,JakubZGandalfova,219.0,gulper,-5.0,4
International S34 - Bronze 20 game 13,2026-07-20,chris223,227,Cresspahl,192,sttailtw,192.0,michasz,178.0,4
International S34 - Bronze 21 game 12,2026-07-20,snakilan,231,albinsix,205,DucciEmi,198.0,Dubz,131.0,4
International S34 - Bronze 30 game 12,2026-07-20,dougthonus,179,Darain,111,dmhalford,77.0,,,3
International S34 - Bronze 5 game 12,2026-07-20,xYotsuba,333,collace,327,Sengir80,294.0,Bergen,242.0,4
International S34 - Bronze 9 game 12,2026-07-20,Stefan665,201,Hotti180,124,klokwork,108.0,Sakic19,97.0,4
International S34 - Gold 4 game 5,2026-07-20,MidnightFox,286,WanderingWolf,265,Goldfinger_,251.0,,,3
International S34 - Gold 5 game 14,2026-07-20,DiddleySquat,223,Kay,181,maxolino,146.0,jezza101,96.0,4
International S34 - Gold 5 game 7,2026-07-20,jacksonray,238,PhiTrigger,171,Reenter73,30.0,,,3
International S34 - Gold 7 game 7,2026-07-20,arDKee,209,Kimmo,190,Attrill20,-5.0,,,3
International S34 - Platinum 2 game 12,2026-07-20,pajada,250,SpartacusImperator,191,Momomillion,153.0,Huettengaudi,151.0,4
International S34 - Platinum 4 game 14,2026-07-20,jantteri,262,GrandHedgehog,247,CaesarSalah,223.0,daimx,187.0,4
International S34 - Platinum 4 game 6,2026-07-20,jantteri,223,tupper,196,daimx,168.0,,,3
International S34 - Silver 1 game 12,2026-07-20,Fjantarik,163,ElKhan,151,JoshyWiggins,119.0,Shincham,-5.0,4
International S34 - Silver 1 game 5,2026-07-20,northlynx,153,raist,147,DarthVaderDLotS,106.0,,,3
International S34 - Silver 12 game 12,2026-07-20,Dragonite,234,MoxNox,216,Garri,212.0,Cooper,195.0,4
International S34 - Silver 12 game 13,2026-07-20,Gavatron,294,MoxNox,292,occupied,278.0,Cooper,133.0,4
International S34 - Silver 15 game 7,2026-07-20,Barnes,272,BitterBlossom,259,Shadowiscool500,252.0,,,3
International S34 - Silver 6 game 12,2026-07-20,schwam,201,andykr,201,LittleBob,196.0,Kor,194.0,4
International S34 - Wood 11 game 5,2026-07-20,Wennejoekel,169,CuJ,123,peppe76,-5.0,,,3
International S34 - Wood 5 game 12,2026-07-20,Vi15So17,302,Mejdzr,237,Garban7,132.0,DaddySparky,-4.0,4
International S34 - Bronze 21 game 13,2026-07-21,Ekdezel,185,snakilan,180,albinsix,117.0,Faeyon,-5.0,4
International S34 - Bronze 23 game 13,2026-07-21,Csannerud,225,bcnoexceptions,217,Jolli,200.0,seviech,159.0,4
International S34 - Bronze 29 game 6,2026-07-21,Sophia,283,Bobisko,226,Rob13,171.0,,,3
International S34 - Bronze 29 game 7,2026-07-21,rustylantern,136,Bobisko,123,FiveGee,83.0,,,3
International S34 - Bronze 6 game 12,2026-07-21,AdamYedidia,308,SimTubez,247,Clarinachos,214.0,Asperins,187.0,4
International S34 - Bronze 6 game 6,2026-07-21,AdamYedidia,222,Clarinachos,84,Proteus,70.0,,,3
International S34 - Bronze 7 game 6,2026-07-21,Kroplasowy,247,Ilyanep,119,Thisisnotasmile,91.0,,,3
International S34 - Bronze 8 game 12,2026-07-21,ChipsAhoya,186,Pulpecja,156,ksfga,144.0,EnozamaIV,133.0,4
International S34 - Gold 4 game 6,2026-07-21,drodriguez,181,MidnightFox,169,GerisNezus,161.0,,,3
International S34 - Master 2 game 13,2026-07-21,Sektat,215,scipio238,212,Angor,206.0,Lander90,201.0,4
International S34 - Platinum 3 game 14,2026-07-21,Kolo,239,Spartan1337,231,Lcfyx,206.0,Raffaello,183.0,4
International S34 - Silver 1 game 7,2026-07-21,Fjantarik,270,Shincham,216,raist,212.0,,,3
International S34 - Silver 13 game 12,2026-07-21,MurphyAKL,264,Zaij,224,brainac,198.0,Alfonsillo,167.0,4
International S34 - Silver 15 game 14,2026-07-21,W1TCH0R,227,Ralf-TtA,202,Olesch,141.0,Medgar,122.0,4
International S34 - Wood 1 game 5,2026-07-21,AdiQue,223,Daze,182,Claudius74,180.0,,,3
International S34 - Wood 11 game 6,2026-07-21,CyberRFG,356,CuJ,222,Dimitris,-5.0,,,3
International S34 - Wood 4 game 14,2026-07-21,N4F,282,aoe2champ,270,Sirovec,174.0,Icarium,121.0,4
International S34 - Bronze 14 game 12,2026-07-22,nerficya,242,Bookhouseboy,234,Mockingbird5,199.0,vyvy,182.0,4
International S34 - Bronze 17 game 6,2026-07-22,baggioka,133,Happykitten,127,Pshemo,106.0,,,3
International S34 - Bronze 17 game 7,2026-07-22,eggmancs,366,Pshemo,272,lavasija,201.0,,,3
International S34 - Bronze 23 game 12,2026-07-22,bcnoexceptions,225,sergilicious,215,OhNoItsNot,185.0,seviech,133.0,4
International S34 - Bronze 26 game 12,2026-07-22,Kajdi,217,Mephist,208,blackwave,199.0,Vinny6060,144.0,4
International S34 - Bronze 7 game 13,2026-07-22,Desgenais,306,JamesH,241,Drk,234.0,skab12,197.0,4
International S34 - Bronze 7 game 14,2026-07-22,Thisisnotasmile,257,JamesH,225,Ilyanep,116.0,Drk,-4.0,4
International S34 - Gold 2 game 13,2026-07-22,LordPeter,327,TorbenOfHerpes,313,Shagrat,270.0,jhutc,220.0,4
International S34 - Gold 4 game 7,2026-07-22,Dread_84,232,WanderingWolf,207,drodriguez,140.0,,,3
International S34 - Gold 5 game 6,2026-07-22,DiddleySquat,216,Kay,188,PhiTrigger,178.0,,,3
International S34 - Master 1 game 12,2026-07-22,Lech,230,Dantes,207,Majondor,198.0,Tamirys,182.0,4
International S34 - Master 1 game 13,2026-07-22,Lech,184,Majondor,166,yaop,147.0,Arne,116.0,4
International S34 - Platinum 1 game 13,2026-07-22,Turdle,237,Boromir7,218,Tordread,195.0,Doobie,191.0,4
International S34 - Silver 15 game 11,2026-07-22,BitterBlossom,213,Medgar,210,Ralf-TtA,154.0,Shadowiscool500,-4.0,4
International S34 - Wood 2 game 12,2026-07-22,Kejml,244,Vegeta4791,215,Samantho,214.0,Cromlech,116.0,4
International S34 - Wood 2 game 13,2026-07-22,Jmstoic,220,Samantho,214,Cromlech,147.0,DBaker17,-5.0,4
International S34 - Wood 3 game 12,2026-07-22,Jesaphi,259,vbogoev,253,Jume,241.0,buso1705,198.0,4
International S34 - Wood 4 game 5,2026-07-22,N4F,304,Geegs,211,Icarium,182.0,,,3
International S34 - Wood 8 game 12,2026-07-22,bobcatbob,213,J-dog,175,Mitchum,162.0,Alex2297,136.0,4
International S34 - Wood 8 game 6,2026-07-22,bobcatbob,179,Froggy42,178,J-dog,174.0,,,3
International S34 - Bronze 13 game 13,2026-07-23,decoy1980,249,Captn4wesome,245,Rasputin,234.0,Darek79,205.0,4
International S34 - Bronze 16 game 6,2026-07-23,ChosenWizard,307,theussner79,276,MyriamVanErum,241.0,,,3
International S34 - Bronze 28 game 12,2026-07-23,Izayoi,243,ArthursDad,211,ElTanque35,200.0,Victory7,123.0,4
International S34 - Bronze 28 game 13,2026-07-23,Izayoi,316,irule,211,Victory7,208.0,abobey,-5.0,4
International S34 - Bronze 29 game 5,2026-07-23,rustylantern,252,Rob13,196,Ricicle,171.0,,,3
International S34 - Bronze 31 game 5,2026-07-23,SKJaCaRD,248,MrGekz,187,nkbobo,-5.0,,,3
International S34 - Gold 7 game 6,2026-07-23,Obinger_Alphons,225,BoatyMcBoatface,181,Kimmo,165.0,,,3
International S34 - Grandmaster game 13,2026-07-23,Eepogi,185,Weidenbaum,167,Grozz,156.0,Vovka,-4.0,4
International S34 - Grandmaster game 14,2026-07-23,Grozz,298,Martin_Pecheur,271,Genghisip,264.0,Vovka,232.0,4
International S34 - Master 2 game 12,2026-07-23,takusto_II,230,scipio238,225,wolvs,210.0,Angor,167.0,4
International S34 - Silver 10 game 13,2026-07-23,Banderjax,232,Gyphon,211,LordMichael,187.0,rap2,-5.0,4
International S34 - Silver 4 game 14,2026-07-23,LT.Stuntovic,238,Cat12,230,JimmyLin,212.0,DarKStyle,211.0,4
International S34 - Silver 4 game 5,2026-07-23,JimmyLin,225,LT.Stuntovic,184,Padishar,-3.0,,,3
International S34 - Silver 4 game 6,2026-07-23,Cat12,225,JimmyLin,211,Herdeksunek,173.0,,,3
International S34 - Silver 5 game 12,2026-07-23,DadboBaggins,261,Flackk,254,Depp,193.0,Vangelisb,164.0,4
International S34 - Wood 1 game 13,2026-07-23,Wiktor,219,AdiQue,198,Daze,155.0,Dunketelin,135.0,4
International S34 - Wood 10 game 13,2026-07-23,oldmutant,340,KMMAL,298,Larsusvonundzu,260.0,Suddoman,212.0,4
International S34 - Bronze 12 game 5,2026-07-24,Thomi,299,Purplegoo,243,Izio,194.0,,,3
International S34 - Bronze 13 game 12,2026-07-24,TheKrunk,244,Darek79,188,Captn4wesome,180.0,vratia,155.0,4
International S34 - Bronze 14 game 14,2026-07-24,HopeForLuck,181,dragonst33d,145,Bookhouseboy,122.0,Mockingbird5,120.0,4
International S34 - Bronze 14 game 6,2026-07-24,HopeForLuck,271,Mockingbird5,147,vyvy,144.0,,,3
International S34 - Bronze 15 game 14,2026-07-24,vodka,307,giannisoad,218,firlefanzer,190.0,Abuceb,165.0,4
International S34 - Bronze 22 game 12,2026-07-24,Tony117,281,bryanckh,260,Tomtomparking,208.0,Dienekes,-4.0,4
International S34 - Bronze 29 game 12,2026-07-24,dfarhi,217,Sophia,160,Bobisko,107.0,FiveGee,85.0,4
International S34 - Bronze 30 game 14,2026-07-24,dougthonus,238,kev5047,225,sergraim,225.0,dmhalford,173.0,4
International S34 - Bronze 30 game 5,2026-07-24,kev5047,265,IpaStian,264,sergraim,256.0,,,3
International S34 - Gold 7 game 13,2026-07-24,Romendil,195,Gagic,191,arDKee,149.0,Attrill20,-5.0,4
International S34 - Gold 8 game 12,2026-07-24,jRune,202,borz.zrob,130,bobaboba,78.0,funnytortoise,-4.0,4
International S34 - Master 1 game 14,2026-07-24,Majondor,362,yaop,261,Dantes,245.0,Vantablack,-5.0,4
International S34 - Platinum 1 game 6,2026-07-24,RestlessMe,184,saru,175,Cogito3,153.0,,,3
International S34 - Platinum 4 game 12,2026-07-24,tupper,237,jantteri,189,CaesarSalah,150.0,totsilence,-4.0,4
International S34 - Silver 10 game 12,2026-07-24,Banderjax,285,Gyphon,276,Ddafaith,257.0,Spoobill,229.0,4
International S34 - Silver 7 game 13,2026-07-24,Spence2102,221,Beebs,201,Magesolo,161.0,Tyrtaios,144.0,4
International S34 - Wood 6 game 13,2026-07-24,Diogenes,333,BuddhaBoost,314,FrancoisFerdinand,292.0,Gympanse,237.0,4
International S34 - Wood 9 game 6,2026-07-24,Glamdring,298,luigino71,288,Chriiiss,269.0,,,3
International S34 - Bronze 1 game 6,2026-07-25,TheElk,188,petrau77,171,LhuCaS,142.0,,,3
International S34 - Bronze 11 game 12,2026-07-25,comant,227,Marinheiro,187,zackg,164.0,prozio,-5.0,4
International S34 - Bronze 32 game 13,2026-07-25,Mul,179,ZioKhan,179,LordHomeOffice,177.0,Drizzt84,165.0,4
International S34 - Bronze 32 game 5,2026-07-25,LordHomeOffice,255,Monik,204,Drizzt84,-5.0,,,3
International S34 - Gold 2 game 5,2026-07-25,Shagrat,236,jhutc,144,FirstOfDao,129.0,,,3
International S34 - Gold 4 game 13,2026-07-25,WanderingWolf,178,Slender,154,Goldfinger_,134.0,Dread_84,96.0,4
International S34 - Gold 5 game 12,2026-07-25,jacksonray,217,DiddleySquat,196,jezza101,194.0,PhiTrigger,176.0,4
International S34 - Grandmaster game 6,2026-07-25,Genghisip,166,funestus,140,Martin_Pecheur,118.0,,,3
International S34 - Platinum 4 game 5,2026-07-25,dannyboy14,281,GrandHedgehog,232,daimx,209.0,,,3
International S34 - Silver 14 game 13,2026-07-25,St-Amadeus,291,Dovi,246,GoblinMatron,228.0,Tasso,-5.0,4
International S34 - Silver 4 game 13,2026-07-25,DarKStyle,249,Padishar,238,Rob_Stedman,199.0,LT.Stuntovic,182.0,4
International S34 - Wood 6 game 12,2026-07-25,FrancoisFerdinand,263,Diogenes,199,ClaridadNocturna,187.0,IrenaX,153.0,4
International S34 - Bronze 13 game 6,2026-07-26,TheKrunk,262,OrionAlpha,192,vratia,172.0,,,3
International S34 - Bronze 15 game 12,2026-07-26,Tukhachevsky,268,Quasar_Enderas,187,firlefanzer,158.0,Abuceb,141.0,4
International S34 - Bronze 19 game 12,2026-07-26,rcia,184,Tuty,132,Strawer_1982,96.0,JohnnyMac,95.0,4
International S34 - Bronze 22 game 13,2026-07-26,ecec,297,Tony117,261,Krex,238.0,Dienekes,214.0,4
International S34 - Gold 1 game 13,2026-07-26,CouchKing,228,Brightfuture,227,heisenberg_97,202.0,jingjing123,-5.0,4
International S34 - Platinum 2 game 13,2026-07-26,Momomillion,269,SpartacusImperator,248,zoldaria,237.0,WhateverParsley,177.0,4
International S34 - Silver 16 game 6,2026-07-26,FrenkDeTank,303,llsgnm,257,Aranwar,236.0,,,3
International S34 - Silver 2 game 6,2026-07-26,FenPlays,202,Yookie,198,FlyGon,82.0,,,3
International S34 - Wood 3 game 13,2026-07-26,vbogoev,229,Jesaphi,183,Saph4ir,180.0,Crs,162.0,4
International S34 - Wood 6 game 6,2026-07-26,ClaridadNocturna,247,Everex,181,IrenaX,143.0,,,3
International S34 - Bronze 1 game 12,2026-07-27,quirrell,233,Unterjochen,228,LhuCaS,187.0,petrau77,171.0,4
International S34 - Bronze 11 game 6,2026-07-27,Marinheiro,186,SeanHandley,180,prozio,-5.0,,,3
International S34 - Bronze 14 game 5,2026-07-27,HopeForLuck,294,lcesar34,238,dragonst33d,197.0,,,3
International S34 - Bronze 16 game 12,2026-07-27,RobertdeSable,263,ChosenWizard,253,MyriamVanErum,238.0,JakubZGandalfova,160.0,4
International S34 - Bronze 19 game 14,2026-07-27,Impr,259,GrazDozTrez,214,JohnnyMac,197.0,Tuty,188.0,4
International S34 - Bronze 2 game 12,2026-07-27,Dzsabo,198,peposqui,195,Saerleon,193.0,jdtyler7,-4.0,4
International S34 - Bronze 24 game 12,2026-07-27,Radvan,198,Cleveman,138,martinxjames,-3.0,Carbon14,-5.0,4
International S34 - Bronze 24 game 13,2026-07-27,dubler,123,martinxjames,88,Carbon14,80.0,Bedrich_H,-4.0,4
International S34 - Bronze 26 game 13,2026-07-27,blackwave,273,boogy5,208,Vinny6060,199.0,Kartek,153.0,4
International S34 - Bronze 31 game 13,2026-07-27,HRG,262,tanman,193,MrGekz,192.0,nkbobo,-5.0,4
International S34 - Bronze 4 game 12,2026-07-27,Legoman,168,Limdul1988,167,Gubbstyv,153.0,amadeo,103.0,4
International S34 - Gold 7 game 12,2026-07-27,Obinger_Alphons,223,Gagic,222,Kimmo,198.0,arDKee,198.0,4
International S34 - Silver 1 game 13,2026-07-27,Fjantarik,284,raist,237,DarthVaderDLotS,237.0,JoshyWiggins,137.0,4
International S34 - Silver 15 game 6,2026-07-27,Ralf-TtA,189,Shadowiscool500,180,Olesch,116.0,,,3
International S34 - Silver 16 game 13,2026-07-27,StonedHenge420,199,DavidSegoviano,162,hypodg,148.0,Masox,136.0,4
International S34 - Silver 3 game 12,2026-07-27,brunoerwin,267,JiriHosek,234,haimke,141.0,Panthera,111.0,4
International S34 - Wood 7 game 12,2026-07-27,RoboKay314,319,Peaceminusone,272,Gr33ny,255.0,AnBeLi3v4bLe,244.0,4
International S34 - Wood 9 game 14,2026-07-27,Chriiiss,262,KorXo,205,Boardello,204.0,Glamdring,166.0,4
International S34 - Bronze 1 game 5,2026-07-28,TheElk,236,wombats111,212,Parcival,212.0,,,3
International S34 - Bronze 17 game 12,2026-07-28,Pigeonpostman,247,baggioka,240,Pshemo,199.0,lavasija,-5.0,4
International S34 - Bronze 20 game 5,2026-07-28,RougeEconomist,219,sttailtw,209,Cresspahl,186.0,,,3
International S34 - Bronze 8 game 13,2026-07-28,Vortex1612,298,ChipsAhoya,166,ksfga,119.0,CloneFish,-5.0,4
International S34 - Bronze 9 game 13,2026-07-28,klokwork,264,Sakic19,180,sorecats,176.0,Olunia,161.0,4
International S34 - Gold 3 game 13,2026-07-28,Pitor,191,PlanarFreak,181,kenchan,162.0,RudyRunner666,148.0,4
International S34 - Gold 3 game 6,2026-07-28,Malakesh,311,Sunmaster14_LV,305,Dethar,265.0,,,3
International S34 - Gold 5 game 5,2026-07-28,maxolino,224,Reenter73,193,Kay,185.0,,,3
International S34 - Platinum 3 game 12,2026-07-28,Kolo,257,Spartan1337,231,tianren4561367,221.0,Doughnut,182.0,4
International S34 - Wood 9 game 13,2026-07-28,Boardello,316,Ulyssess,290,KorXo,245.0,Maxxxx,-5.0,4
International S34 - Bronze 20 game 14,2026-07-29,RougeEconomist,214,sttailtw,197,BobChiringuito,172.0,michasz,167.0,4
International S34 - Bronze 25 game 13,2026-07-29,Chris10,253,Haxxorn,-5,LoreNacho,-5.0,Largos,-5.0,4
International S34 - Bronze 7 game 12,2026-07-29,Kroplasowy,310,skab12,257,JamesH,244.0,Ilyanep,181.0,4
International S34 - Wood 11 game 12,2026-07-29,Ioannis3,282,CyberRFG,270,Dimitris,199.0,Exile,182.0,4
International S34 - Bronze 1 game 14,2026-07-30,wombats111,329,Unterjochen,291,LhuCaS,264.0,TheElk,162.0,4
International S34 - Bronze 12 game 13,2026-07-30,Alistair,238,Tasku,218,Thomi,194.0,Izio,163.0,4
International S34 - Bronze 15 game 13,2026-07-30,Quasar_Enderas,220,firlefanzer,183,giannisoad,172.0,maciek,141.0,4
International S34 - Grandmaster game 12,2026-07-30,Genghisip,240,Grozz,167,funestus,161.0,Eepogi,-4.0,4
International S34 - Bronze 1 game 13,2026-07-31,wombats111,297,Unterjochen,223,Parcival,220.0,quirrell,177.0,4
International S34 - Silver 2 game 13,2026-07-31,wartin,194,trzeciakson,181,Durloc,173.0,Gudimundi,138.0,4
International S34 - Silver 4 game 12,2026-07-31,Rob_Stedman,318,Herdeksunek,271,Cat12,223.0,DarKStyle,200.0,4
International S34 - Wood 4 game 13,2026-07-31,N4F,282,Geegs,239,metternich,199.0,aoe2champ,179.0,4
International S34 - Bronze 20 game 12,2026-08-01,BobChiringuito,301,michasz,250,chris223,242.0,InfiniteZest,217.0,4
International S34 - Bronze 29 game 13,2026-08-01,dfarhi,224,rustylantern,188,Ricicle,147.0,FiveGee,142.0,4
International S34 - Bronze 30 game 13,2026-08-01,IpaStian,267,dougthonus,153,kev5047,152.0,,,3
International S34 - Bronze 5 game 13,2026-08-01,xYotsuba,360,Bergen,307,javimb89,296.0,Kelern,229.0,4
International S34 - Gold 3 game 14,2026-08-01,RudyRunner666,298,Dethar,296,PlanarFreak,293.0,Sunmaster14_LV,205.0,4
International S34 - Platinum 4 game 13,2026-08-01,GrandHedgehog,196,totsilence,183,dannyboy14,172.0,CaesarSalah,166.0,4
International S34 - Wood 11 game 13,2026-08-01,Exile,295,Wennejoekel,274,Ioannis3,273.0,peppe76,211.0,4
International S34 - Bronze 20 game 6,2026-08-02,InfiniteZest,212,BobChiringuito,182,RougeEconomist,106.0,,,3
International S34 - Gold 5 game 13,2026-08-02,Reenter73,221,maxolino,195,jacksonray,191.0,jezza101,161.0,4
International S34 - Silver 16 game 12,2026-08-02,FrenkDeTank,215,hypodg,210,DavidSegoviano,162.0,llsgnm,155.0,4
International S34 - Bronze 19 game 13,2026-08-03,Nicks,295,Strawer_1982,261,Impr,260.0,JohnnyMac,48.0,4
International S34 - Platinum 1 game 5,2026-08-03,Tordread,205,Boromir7,143,saru,-5.0,,,3
International S34 - Wood 9 game 12,2026-08-03,Chriiiss,258,luigino71,232,Ulyssess,189.0,KorXo,140.0,4
International S34 - Gold 4 game 12,2026-08-04,Slender,225,drodriguez,175,Dread_84,168.0,GerisNezus,108.0,4
International S34 - Silver 16 game 14,2026-08-04,FrenkDeTank,304,Masox,238,hypodg,162.0,Aranwar,-5.0,4
International S34 - Gold 3 game 12,2026-08-05,RudyRunner666,208,Sunmaster14_LV,195,Malakesh,192.0,kenchan,186.0,4
International S34 - Silver 15 game 12,2026-08-08,Shadowiscool500,301,W1TCH0R,252,Olesch,232.0,BitterBlossom,155.0,4
International S34 - Bronze 25 game 12,2026-08-10,Chris10,237,migoet,217,Arkadiussus,211.0,Haxxorn,-5.0,4
International S34 - Silver 2 game 12,2026-08-13,FenPlays,213,Yookie,193,trzeciakson,180.0,wartin,-5.0,4
