Tournament,Date,Player1,Score1,Player2,Score2,Player3,Score3,Player4,Score4,Player_Count
RL_s09 - Duke 3 game 14,2026-06-29,Icallhimtest,286,ben0728,-5,,,,,2
RL_s09 - Marquess 1 game 23,2026-06-29,richardhell,215,kevinsbane,185,,,,,2
RL_s09 - Baron 12 game 1,2026-06-30,Jochabeth,146,TeriyakiJaccuzi,128,,,,,2
RL_s09 - Baron 17 game 23,2026-06-30,saZmer,252,Purplegoo,166,,,,,2
RL_s09 - Baron 18 game 28,2026-06-30,NateHiggersonJR,144,Francesco1812,106,,,,,2
RL_s09 - Baron 21 game 14,2026-06-30,pavelceska,199,z0pfel,152,,,,,2
RL_s09 - Baron 5 game 23,2026-06-30,JoshyWiggins,153,Kivok,143,,,,,2
RL_s09 - Baron 6 game 1,2026-06-30,michasz,140,sirlenon,131,,,,,2
RL_s09 - Baron 6 game 14,2026-06-30,scaggi,31,Hampsink,-2,,,,,2
RL_s09 - Count 2 game 23,2026-06-30,Sonder.,137,Bull3,134,,,,,2
RL_s09 - Count 6 game 28,2026-06-30,xiaoduan,259,vagrantil,204,,,,,2
RL_s09 - Duke 3 game 1,2026-06-30,ed_vins,121,Gagic,113,,,,,2
RL_s09 - Emperor game 14,2026-06-30,Grozz,240,Gilgamesh2,202,,,,,2
RL_s09 - King game 23,2026-06-30,RestlessMe,167,Weidenbaum,145,,,,,2
RL_s09 - King game 28,2026-06-30,mwi,231,darwinian,208,,,,,2
RL_s09 - Marquess 1 game 28,2026-06-30,GrandHedgehog,40,flutter,-2,,,,,2
RL_s09 - Prince 2 game 14,2026-06-30,LittleBob,122,Pitor,112,,,,,2
RL_s09 - Prince 2 game 23,2026-06-30,Yookie,85,Allfather,-2,,,,,2
RL_s09 - Viscount 3 game 28,2026-06-30,wittr,83,Michcio,63,,,,,2
RL_s09 - Viscount 5 game 28,2026-06-30,Sawell,182,Prashanth,160,,,,,2
RL_s09 - Viscount 8 game 28,2026-06-30,Pieroz88,167,Nightvayne,160,,,,,2
RL_s09 - Baron 10 game 14,2026-07-01,RiRu,149,ClaridadNocturna,102,,,,,2
RL_s09 - Baron 14 game 23,2026-07-01,tnawrocki,146,clemy,92,,,,,2
RL_s09 - Baron 17 game 1,2026-07-01,tysat,137,Exile,84,,,,,2
RL_s09 - Baron 18 game 1,2026-07-01,verbalg,272,Vegeta4791,216,,,,,2
RL_s09 - Baron 19 game 1,2026-07-01,KTown,159,tronnemann,136,,,,,2
RL_s09 - Baron 2 game 14,2026-07-01,collace,152,HRG,65,,,,,2
RL_s09 - Baron 4 game 23,2026-07-01,migoet,177,maciek,170,,,,,2
RL_s09 - Count 1 game 28,2026-07-01,wartin,226,Bathman,218,,,,,2
RL_s09 - Count 3 game 1,2026-07-01,Garghiii,98,TorbenOfHerpes,-2,,,,,2
RL_s09 - Duke 3 game 23,2026-07-01,Kroplasowy,68,Sellux,-2,,,,,2
RL_s09 - Duke 3 game 28,2026-07-01,BlixLT,171,Momomillion,86,,,,,2
RL_s09 - Emperor game 23,2026-07-01,DANeo,328,wolvs,291,,,,,2
RL_s09 - Knight 2 game 28,2026-07-01,Bookhouseboy,144,Claudius74,132,,,,,2
RL_s09 - Prince 1 game 14,2026-07-01,Rajeev,42,Majondor,-2,,,,,2
RL_s09 - Prince 2 game 1,2026-07-01,pv4,132,daggsea,113,,,,,2
RL_s09 - Viscount 1 game 28,2026-07-01,Bizniouf,165,henrymerrivale,149,,,,,2
RL_s09 - Viscount 11 game 28,2026-07-01,Graypilgrim,158,Kor,150,,,,,2
RL_s09 - Viscount 12 game 1,2026-07-01,Kejml,189,PacoHolliday,122,,,,,2
RL_s09 - Viscount 4 game 28,2026-07-01,Wennejoekel,192,Cooper,169,,,,,2
RL_s09 - Viscount 5 game 23,2026-07-01,Darain,153,Kaczas,125,,,,,2
RL_s09 - Viscount 6 game 14,2026-07-01,Sirkopczyk,222,EugeneB,160,,,,,2
RL_s09 - Viscount 6 game 23,2026-07-01,Silvester,160,ShPini,117,,,,,2
RL_s09 - Viscount 7 game 1,2026-07-01,saiggo16,195,Michal_Kossakowski,146,,,,,2
RL_s09 - Viscount 8 game 1,2026-07-01,ThePerceptiveGamer,130,BirdOfPreyyy,111,,,,,2
RL_s09 - Baron 1 game 14,2026-07-02,Legoman,71,kabel2,-2,,,,,2
RL_s09 - Baron 1 game 28,2026-07-02,Rudiz,154,Mammaklaskern,148,,,,,2
RL_s09 - Baron 19 game 14,2026-07-02,chris223,161,Netrom,150,,,,,2
RL_s09 - Baron 21 game 28,2026-07-02,Marabu8,117,Likas11,29,,,,,2
RL_s09 - Baron 4 game 14,2026-07-02,tjreasoner,195,Vanillehahn,170,,,,,2
RL_s09 - Baron 7 game 14,2026-07-02,nolucknoskill,179,greyshade,127,,,,,2
RL_s09 - Baron 8 game 28,2026-07-02,silverpaun,126,KTMatthews,95,,,,,2
RL_s09 - Count 1 game 23,2026-07-02,jhutc,198,Trond79,151,,,,,2
RL_s09 - Count 2 game 1,2026-07-02,AndriiN,135,Saerleon,96,,,,,2
RL_s09 - Count 4 game 23,2026-07-02,Tasku,242,Herdeksunek,195,,,,,2
RL_s09 - Count 6 game 1,2026-07-02,Padishar,160,sergilicious,142,,,,,2
RL_s09 - Count 8 game 1,2026-07-02,lhrljr,263,Gelato,262,,,,,2
RL_s09 - Marquess 2 game 28,2026-07-02,Adamez,248,BoatyMcBoatface,209,,,,,2
RL_s09 - Marquess 3 game 14,2026-07-02,roverandom,254,DarKStyle,211,,,,,2
RL_s09 - Marquess 3 game 28,2026-07-02,ysiad,205,eggmancs,184,,,,,2
RL_s09 - Prince 1 game 1,2026-07-02,Drikhen,207,Kesterer,146,,,,,2
RL_s09 - Viscount 12 game 28,2026-07-02,Spence2102,199,Asperins,108,,,,,2
RL_s09 - Viscount 13 game 14,2026-07-02,Pavnco,137,SeanHandley,51,,,,,2
RL_s09 - Viscount 3 game 23,2026-07-02,Mike1313,226,SirDaan,173,,,,,2
RL_s09 - Viscount 8 game 23,2026-07-02,EnozamaIV,167,BuWu,159,,,,,2
RL_s09 - Baron 10 game 23,2026-07-03,IrenaX,193,Crs,-5,,,,,2
RL_s09 - Baron 12 game 14,2026-07-03,Cleveman,195,Archangel,165,,,,,2
RL_s09 - Baron 12 game 23,2026-07-03,skab12,257,Mister_Pazel,204,,,,,2
RL_s09 - Baron 13 game 28,2026-07-03,Victory7,205,Caligulala,147,,,,,2
RL_s09 - Baron 14 game 1,2026-07-03,Andreyko2003,150,Jesaphi,128,,,,,2
RL_s09 - Baron 15 game 1,2026-07-03,vgiannog,207,mahlerian_shadow,173,,,,,2
RL_s09 - Baron 19 game 23,2026-07-03,Darkksun,264,SullyWully,169,,,,,2
RL_s09 - Count 1 game 14,2026-07-03,cyb3k,192,guppyfry,153,,,,,2
RL_s09 - Count 4 game 14,2026-07-03,bryanckh,63,schwam,-2,,,,,2
RL_s09 - Count 5 game 1,2026-07-03,Watlersen,207,Hotti180,160,,,,,2
RL_s09 - Duke 1 game 14,2026-07-03,holy834,112,Sektat,91,,,,,2
RL_s09 - Duke 1 game 28,2026-07-03,MidnightFox,203,Bad_Horse,191,,,,,2
RL_s09 - Knight 1 game 14,2026-07-03,vito,245,Rebel_Rebs,157,,,,,2
RL_s09 - Knight 3 game 23,2026-07-03,metternich,223,gutibudoka,176,,,,,2
RL_s09 - Knight 3 game 28,2026-07-03,Jume,98,johnboy,90,,,,,2
RL_s09 - Marquess 4 game 14,2026-07-03,jantteri,98,HeirOfValyria,-2,,,,,2
RL_s09 - Prince 1 game 28,2026-07-03,dellcan,263,Dantes,238,,,,,2
RL_s09 - Viscount 10 game 28,2026-07-03,LeonidasI,128,wolfcub41,113,,,,,2
RL_s09 - Viscount 12 game 14,2026-07-03,humanmoves,120,SKJaCaRD,55,,,,,2
RL_s09 - Viscount 2 game 28,2026-07-03,FlyGon,10,Kermit19,-2,,,,,2
RL_s09 - Viscount 4 game 14,2026-07-03,Kelern,155,LeBonus,138,,,,,2
RL_s09 - Viscount 5 game 14,2026-07-03,tue2k,142,northlynx,71,,,,,2
RL_s09 - Viscount 7 game 28,2026-07-03,Terence,244,Cresspahl,187,,,,,2
RL_s09 - Baron 11 game 14,2026-07-04,Cromlech,135,andykr,122,,,,,2
RL_s09 - Baron 13 game 23,2026-07-04,OrionAlpha,93,justnomame,88,,,,,2
RL_s09 - Baron 20 game 14,2026-07-04,Lammoth,197,tiffelvet,73,,,,,2
RL_s09 - Baron 8 game 1,2026-07-04,redantx,159,Rick80,150,,,,,2
RL_s09 - Count 1 game 1,2026-07-04,Nostradamus5321,177,belowfox,176,,,,,2
RL_s09 - Count 1 game 27,2026-07-04,Bathman,238,Trond79,224,,,,,2
RL_s09 - Count 3 game 28,2026-07-04,lol1,204,taltal,142,,,,,2
RL_s09 - Count 5 game 14,2026-07-04,Rolls.Royal,152,Gudimundi,-2,,,,,2
RL_s09 - Count 8 game 28,2026-07-04,Daemon3142,194,ElKhan,169,,,,,2
RL_s09 - Duke 2 game 28,2026-07-04,MrBiz,208,zcx,140,,,,,2
RL_s09 - Emperor game 1,2026-07-04,yaop,142,Raffaello,95,,,,,2
RL_s09 - Knight 3 game 1,2026-07-04,jmcj,181,Mitchum,150,,,,,2
RL_s09 - Marquess 1 game 1,2026-07-04,tianren4561367,73,TheKrunk,-2,,,,,2
RL_s09 - Marquess 2 game 23,2026-07-04,Masox,175,fathope,117,,,,,2
RL_s09 - Marquess 5 game 23,2026-07-04,Notbot66,148,CrownKiller,143,,,,,2
RL_s09 - Viscount 1 game 14,2026-07-04,KidCanuck,196,TheYoungDutch,58,,,,,2
RL_s09 - Viscount 12 game 9,2026-07-04,Kejml,149,humanmoves,126,,,,,2
RL_s09 - Viscount 2 game 14,2026-07-04,jacksonray,150,Maharaj_JD,140,,,,,2
RL_s09 - Viscount 2 game 23,2026-07-04,Caveman90,206,ChunkySam,201,,,,,2
RL_s09 - Viscount 3 game 1,2026-07-04,petrau77,210,Pulpecja,191,,,,,2
RL_s09 - Viscount 4 game 1,2026-07-04,Depp,153,jjk,116,,,,,2
RL_s09 - Viscount 5 game 27,2026-07-04,Sawell,200,Darain,185,,,,,2
RL_s09 - Viscount 7 game 14,2026-07-04,phoang,176,Conzi,126,,,,,2
RL_s09 - Viscount 9 game 28,2026-07-04,Panthera,264,ChampDeGlace,207,,,,,2
RL_s09 - Baron 1 game 23,2026-07-05,LordTheodore,250,Krex,201,,,,,2
RL_s09 - Baron 13 game 27,2026-07-05,Caligulala,153,justnomame,114,,,,,2
RL_s09 - Baron 14 game 14,2026-07-05,Bergen,180,AdumbusPrime,159,,,,,2
RL_s09 - Baron 18 game 14,2026-07-05,Dubz,144,Ekdezel,109,,,,,2
RL_s09 - Baron 18 game 27,2026-07-05,NateHiggersonJR,135,omoi,125,,,,,2
RL_s09 - Baron 2 game 28,2026-07-05,Vi15So17,206,JohnnyMac,132,,,,,2
RL_s09 - Baron 21 game 1,2026-07-05,Cristiancordeu,172,Jmstoic,110,,,,,2
RL_s09 - Baron 21 game 23,2026-07-05,Impr,271,Igelkotten,186,,,,,2
RL_s09 - Baron 21 game 9,2026-07-05,Cristiancordeu,110,z0pfel,59,,,,,2
RL_s09 - Baron 3 game 23,2026-07-05,HumusAmongUs,214,ZioKhan,164,,,,,2
RL_s09 - Baron 4 game 1,2026-07-05,FireBones,172,BGTigger,-5,,,,,2
RL_s09 - Baron 6 game 2,2026-07-05,scaggi,96,michasz,82,,,,,2
RL_s09 - Baron 8 game 2,2026-07-05,Sirovec,245,redantx,219,,,,,2
RL_s09 - Count 2 game 14,2026-07-05,condemor,235,Firedart,230,,,,,2
RL_s09 - Count 2 game 2,2026-07-05,condemor,275,AndriiN,228,,,,,2
RL_s09 - Count 2 game 28,2026-07-05,StonedHenge420,71,M.T,-2,,,,,2
RL_s09 - Count 3 game 9,2026-07-05,TorbenOfHerpes,333,Agnsild,285,,,,,2
RL_s09 - Count 4 game 27,2026-07-05,aivin,134,Herdeksunek,114,,,,,2
RL_s09 - Count 6 game 2,2026-07-05,Padishar,216,nerficya,80,,,,,2
RL_s09 - Count 6 game 23,2026-07-05,Barnes,245,mikemast,195,,,,,2
RL_s09 - Count 6 game 24,2026-07-05,Barnes,185,xiaoduan,183,,,,,2
RL_s09 - Count 8 game 14,2026-07-05,Mario86,220,Mephist,154,,,,,2
RL_s09 - Duke 1 game 1,2026-07-05,Lander90,273,NFGM,239,,,,,2
RL_s09 - Emperor game 2,2026-07-05,Grozz,218,yaop,184,,,,,2
RL_s09 - Emperor game 27,2026-07-05,DANeo,235,Martin_Pecheur,199,,,,,2
RL_s09 - Emperor game 9,2026-07-05,Gilgamesh2,306,Raffaello,229,,,,,2
RL_s09 - King game 1,2026-07-05,Vovka,303,FirstOfDao,237,,,,,2
RL_s09 - King game 27,2026-07-05,mwi,146,RestlessMe,145,,,,,2
RL_s09 - Marquess 1 game 24,2026-07-05,richardhell,139,GrandHedgehog,137,,,,,2
RL_s09 - Marquess 1 game 27,2026-07-05,kevinsbane,162,flutter,150,,,,,2
RL_s09 - Marquess 2 game 1,2026-07-05,Vortex1612,56,ChipsAhoya,-2,,,,,2
RL_s09 - Marquess 2 game 27,2026-07-05,Masox,195,Adamez,135,,,,,2
RL_s09 - Marquess 3 game 1,2026-07-05,ERock37,149,poikai2,123,,,,,2
RL_s09 - Prince 1 game 2,2026-07-05,Kesterer,180,Rajeev,160,,,,,2
RL_s09 - Prince 2 game 9,2026-07-05,LittleBob,164,daggsea,143,,,,,2
RL_s09 - Viscount 1 game 1,2026-07-05,Cat12,215,jonzewiespike,202,,,,,2
RL_s09 - Viscount 1 game 27,2026-07-05,Zegs,242,henrymerrivale,222,,,,,2
RL_s09 - Viscount 10 game 1,2026-07-05,DonStino,189,nattee,156,,,,,2
RL_s09 - Viscount 11 game 23,2026-07-05,SafeT,162,Pudroe,127,,,,,2
RL_s09 - Viscount 12 game 24,2026-07-05,docpain,68,Asperins,-2,,,,,2
RL_s09 - Viscount 13 game 1,2026-07-05,J-dog,170,chefung,149,,,,,2
RL_s09 - Viscount 3 game 27,2026-07-05,Mike1313,221,Michcio,209,,,,,2
RL_s09 - Viscount 6 game 1,2026-07-05,Tomtomparking,144,abobey,97,,,,,2
RL_s09 - Viscount 6 game 2,2026-07-05,Tomtomparking,195,EugeneB,159,,,,,2
RL_s09 - Viscount 8 game 27,2026-07-05,Pieroz88,148,BuWu,143,,,,,2
RL_s09 - Baron 1 game 27,2026-07-06,LordTheodore,187,Mammaklaskern,119,,,,,2
RL_s09 - Baron 12 game 2,2026-07-06,Archangel,169,Jochabeth,159,,,,,2
RL_s09 - Baron 14 game 28,2026-07-06,Garban7,207,Moskbnea,124,,,,,2
RL_s09 - Baron 14 game 9,2026-07-06,Bergen,242,Andreyko2003,151,,,,,2
RL_s09 - Baron 15 game 28,2026-07-06,DucciEmi,134,Mockingbird5,128,,,,,2
RL_s09 - Baron 16 game 14,2026-07-06,MajorGaz,211,brumynut,177,,,,,2
RL_s09 - Baron 17 game 24,2026-07-06,saZmer,208,Sopelek,95,,,,,2
RL_s09 - Baron 18 game 2,2026-07-06,Dubz,216,verbalg,165,,,,,2
RL_s09 - Baron 19 game 9,2026-07-06,tronnemann,172,chris223,113,,,,,2
RL_s09 - Baron 20 game 1,2026-07-06,McNulty,158,Larsusvonundzu,136,,,,,2
RL_s09 - Baron 3 game 9,2026-07-06,AnBeLi3v4bLe,208,CloneFish,204,,,,,2
RL_s09 - Baron 5 game 24,2026-07-06,JoshyWiggins,151,Fullynice,113,,,,,2
RL_s09 - Baron 5 game 28,2026-07-06,luigino71,186,Fullynice,148,,,,,2
RL_s09 - Baron 6 game 9,2026-07-06,Hampsink,149,sirlenon,146,,,,,2
RL_s09 - Baron 7 game 23,2026-07-06,irule,250,Amitke,213,,,,,2
RL_s09 - Baron 8 game 23,2026-07-06,MrGekz,191,Tasso,183,,,,,2
RL_s09 - Count 3 game 24,2026-07-06,Turdle,172,taltal,148,,,,,2
RL_s09 - Count 5 game 2,2026-07-06,Watlersen,211,Rolls.Royal,137,,,,,2
RL_s09 - Count 5 game 28,2026-07-06,theussner79,124,Spartan1337,113,,,,,2
RL_s09 - Count 7 game 1,2026-07-06,kenchan,124,snakilan,112,,,,,2
RL_s09 - Count 7 game 14,2026-07-06,sTeVej,291,Gubbstyv,211,,,,,2
RL_s09 - Count 7 game 9,2026-07-06,sTeVej,250,snakilan,241,,,,,2
RL_s09 - Count 8 game 9,2026-07-06,lhrljr,284,Mephist,134,,,,,2
RL_s09 - Duke 2 game 1,2026-07-06,Unterjochen,146,SwaulgustusCaesar,-2,,,,,2
RL_s09 - Duke 2 game 23,2026-07-06,GerisNezus,302,Cogito3,254,,,,,2
RL_s09 - Duke 3 game 2,2026-07-06,Icallhimtest,168,Gagic,32,,,,,2
RL_s09 - Duke 3 game 27,2026-07-06,Momomillion,189,Sellux,63,,,,,2
RL_s09 - Duke 3 game 9,2026-07-06,ben0728,225,ed_vins,196,,,,,2
RL_s09 - Knight 2 game 1,2026-07-06,Monik,135,Redda,129,,,,,2
RL_s09 - Knight 2 game 23,2026-07-06,BuddhaBoost,149,Dunketelin,141,,,,,2
RL_s09 - Knight 3 game 14,2026-07-06,Kruch,153,Largos,125,,,,,2
RL_s09 - Marquess 4 game 28,2026-07-06,Dayvs,152,Vangelisb,-5,,,,,2
RL_s09 - Marquess 5 game 1,2026-07-06,tupper,67,Gyphon,-2,,,,,2
RL_s09 - Marquess 5 game 27,2026-07-06,Notbot66,100,Sakic19,89,,,,,2
RL_s09 - Viscount 10 game 14,2026-07-06,IpaStian,137,KubikD,113,,,,,2
RL_s09 - Viscount 10 game 27,2026-07-06,LeonidasI,210,Gandy,208,,,,,2
RL_s09 - Viscount 11 game 14,2026-07-06,t-k-421,182,Rasputin,167,,,,,2
RL_s09 - Viscount 11 game 27,2026-07-06,Pudroe,256,Kor,242,,,,,2
RL_s09 - Viscount 11 game 9,2026-07-06,t-k-421,199,MBlueMan,130,,,,,2
RL_s09 - Viscount 13 game 23,2026-07-06,JoopHuizinga,246,Arkadiussus,141,,,,,2
RL_s09 - Viscount 2 game 1,2026-07-06,firlefanzer,152,kev5047,145,,,,,2
RL_s09 - Viscount 4 game 23,2026-07-06,Kimmo,152,DieKrake89,134,,,,,2
RL_s09 - Viscount 5 game 24,2026-07-06,Prashanth,153,Kaczas,139,,,,,2
RL_s09 - Viscount 6 game 27,2026-07-06,ShPini,183,DavidSegoviano,169,,,,,2
RL_s09 - Viscount 7 game 2,2026-07-06,Michal_Kossakowski,162,Conzi,135,,,,,2
RL_s09 - Viscount 7 game 24,2026-07-06,martinxjames,200,Cresspahl,151,,,,,2
RL_s09 - Viscount 8 game 2,2026-07-06,BirdOfPreyyy,129,Quokka,115,,,,,2
RL_s09 - Viscount 9 game 24,2026-07-06,Panthera,256,rabalder,253,,,,,2
RL_s09 - Baron 1 game 24,2026-07-07,Rudiz,124,Krex,48,,,,,2
RL_s09 - Baron 10 game 27,2026-07-07,comant,96,Crs,85,,,,,2
RL_s09 - Baron 12 game 9,2026-07-07,Cleveman,196,TeriyakiJaccuzi,-5,,,,,2
RL_s09 - Baron 13 game 1,2026-07-07,Izayoi,231,OodOok,158,,,,,2
RL_s09 - Baron 16 game 23,2026-07-07,Aaronwebber,206,Alfonsillo,67,,,,,2
RL_s09 - Baron 17 game 28,2026-07-07,FrenkDeTank,230,Sopelek,-5,,,,,2
RL_s09 - Baron 19 game 2,2026-07-07,Netrom,193,KTown,178,,,,,2
RL_s09 - Baron 2 game 23,2026-07-07,kaeptnblaubaer,133,ArthursDad,117,,,,,2
RL_s09 - Baron 2 game 24,2026-07-07,ArthursDad,187,Vi15So17,159,,,,,2
RL_s09 - Baron 20 game 23,2026-07-07,ecec,187,CuJ,149,,,,,2
RL_s09 - Baron 21 game 2,2026-07-07,pavelceska,196,Jmstoic,155,,,,,2
RL_s09 - Baron 3 game 1,2026-07-07,V.Lustig,204,AnBeLi3v4bLe,176,,,,,2
RL_s09 - Baron 4 game 24,2026-07-07,migoet,151,Froggy42,130,,,,,2
RL_s09 - Baron 4 game 28,2026-07-07,Froggy42,76,Daze,-2,,,,,2
RL_s09 - Baron 7 game 9,2026-07-07,nolucknoskill,166,zackg,106,,,,,2
RL_s09 - Baron 8 game 14,2026-07-07,Sirovec,164,anonaki,152,,,,,2
RL_s09 - Baron 8 game 27,2026-07-07,Tasso,205,silverpaun,88,,,,,2
RL_s09 - Baron 9 game 14,2026-07-07,refs,156,mooscolly,135,,,,,2
RL_s09 - Baron 9 game 28,2026-07-07,etJake,198,Gr33ny,143,,,,,2
RL_s09 - Count 3 game 23,2026-07-07,JimmyLin,148,Turdle,115,,,,,2
RL_s09 - Count 4 game 9,2026-07-07,schwam,128,Jonny125,120,,,,,2
RL_s09 - Count 7 game 27,2026-07-07,gamblerch,169,santhosh163,162,,,,,2
RL_s09 - Count 8 game 2,2026-07-07,Mario86,159,Gelato,128,,,,,2
RL_s09 - Count 8 game 24,2026-07-07,ElKhan,163,vbogoev,138,,,,,2
RL_s09 - Duke 1 game 23,2026-07-07,Praetorianer,206,Doobie,204,,,,,2
RL_s09 - Duke 1 game 27,2026-07-07,Doobie,132,MidnightFox,132,,,,,2
RL_s09 - Duke 3 game 24,2026-07-07,Kroplasowy,41,BlixLT,-2,,,,,2
RL_s09 - Marquess 2 game 14,2026-07-07,maunzzz,223,Shagrat,214,,,,,2
RL_s09 - Marquess 3 game 23,2026-07-07,Flower4,177,raist,168,,,,,2
RL_s09 - Marquess 4 game 23,2026-07-07,Dread_84,147,llsgnm,78,,,,,2
RL_s09 - Marquess 5 game 28,2026-07-07,FenPlays,193,Sakic19,185,,,,,2
RL_s09 - Prince 2 game 2,2026-07-07,pv4,265,Pitor,176,,,,,2
RL_s09 - Prince 2 game 27,2026-07-07,Dazzy,119,Yookie,110,,,,,2
RL_s09 - Viscount 3 game 14,2026-07-07,pdx,207,Oleksandr,172,,,,,2
RL_s09 - Viscount 3 game 24,2026-07-07,SirDaan,129,wittr,97,,,,,2
RL_s09 - Viscount 4 game 9,2026-07-07,LeBonus,141,Depp,97,,,,,2
RL_s09 - Viscount 8 game 24,2026-07-07,Nightvayne,186,EnozamaIV,116,,,,,2
RL_s09 - Baron 10 game 28,2026-07-08,comant,184,bobcatbob,161,,,,,2
RL_s09 - Baron 11 game 24,2026-07-08,bcnoexceptions,135,Gympanse,113,,,,,2
RL_s09 - Baron 13 game 24,2026-07-08,OrionAlpha,176,Victory7,155,,,,,2
RL_s09 - Baron 14 game 27,2026-07-08,tnawrocki,322,Moskbnea,172,,,,,2
RL_s09 - Baron 2 game 2,2026-07-08,collace,183,WraightCZ,109,,,,,2
RL_s09 - Baron 2 game 27,2026-07-08,kaeptnblaubaer,158,JohnnyMac,126,,,,,2
RL_s09 - Baron 20 game 2,2026-07-08,McNulty,180,tiffelvet,168,,,,,2
RL_s09 - Baron 20 game 9,2026-07-08,Lammoth,169,Larsusvonundzu,138,,,,,2
RL_s09 - Baron 21 game 24,2026-07-08,Likas11,265,Igelkotten,234,,,,,2
RL_s09 - Baron 3 game 24,2026-07-08,HumusAmongUs,246,HolyOutlaw,209,,,,,2
RL_s09 - Baron 4 game 2,2026-07-08,tjreasoner,273,BGTigger,182,,,,,2
RL_s09 - Baron 5 game 14,2026-07-08,akira215,204,JS619,129,,,,,2
RL_s09 - Baron 7 game 1,2026-07-08,Ioannis3,107,zackg,50,,,,,2
RL_s09 - Baron 8 game 24,2026-07-08,MrGekz,221,KTMatthews,203,,,,,2
RL_s09 - Baron 9 game 23,2026-07-08,Tyrtaios,131,Merclaw,83,,,,,2
RL_s09 - Count 1 game 24,2026-07-08,wartin,152,jhutc,112,,,,,2
RL_s09 - Count 1 game 9,2026-07-08,belowfox,146,guppyfry,42,,,,,2
RL_s09 - Duke 1 game 2,2026-07-08,Lander90,209,holy834,161,,,,,2
RL_s09 - King game 24,2026-07-08,Weidenbaum,157,darwinian,135,,,,,2
RL_s09 - Knight 1 game 23,2026-07-08,Imiter,246,Saph4ir,146,,,,,2
RL_s09 - Knight 1 game 28,2026-07-08,Shiffdog,215,VladBenez,197,,,,,2
RL_s09 - Knight 2 game 24,2026-07-08,Claudius74,134,Dunketelin,133,,,,,2
RL_s09 - Knight 3 game 24,2026-07-08,Jume,158,gutibudoka,110,,,,,2
RL_s09 - Marquess 2 game 24,2026-07-08,fathope,165,BoatyMcBoatface,134,,,,,2
RL_s09 - Marquess 3 game 2,2026-07-08,poikai2,253,DarKStyle,223,,,,,2
RL_s09 - Marquess 5 game 2,2026-07-08,Malakesh,222,tupper,158,,,,,2
RL_s09 - Viscount 1 game 23,2026-07-08,Zegs,239,xeveli,178,,,,,2
RL_s09 - Viscount 13 game 2,2026-07-08,Pavnco,161,J-dog,95,,,,,2
RL_s09 - Viscount 2 game 24,2026-07-08,FlyGon,231,Caveman90,184,,,,,2
RL_s09 - Viscount 3 game 2,2026-07-08,petrau77,136,Oleksandr,128,,,,,2
RL_s09 - Viscount 4 game 24,2026-07-08,DieKrake89,240,Cooper,118,,,,,2
RL_s09 - Viscount 9 game 14,2026-07-08,joecackler,251,javimb89,33,,,,,2
RL_s09 - Baron 1 game 9,2026-07-09,kabel2,137,oleKanin,118,,,,,2
RL_s09 - Baron 10 game 2,2026-07-09,Tomy_hexaper,162,ClaridadNocturna,153,,,,,2
RL_s09 - Baron 16 game 1,2026-07-09,RoboKay314,159,Olunia,132,,,,,2
RL_s09 - Baron 19 game 27,2026-07-09,InGodWeTrust,271,SullyWully,208,,,,,2
RL_s09 - Baron 19 game 28,2026-07-09,Modiarty,236,InGodWeTrust,216,,,,,2
RL_s09 - Baron 20 game 28,2026-07-09,Polldrake,152,Dienekes,99,,,,,2
RL_s09 - Baron 3 game 14,2026-07-09,CloneFish,198,Nitrosaurus24,114,,,,,2
RL_s09 - Baron 5 game 1,2026-07-09,Wiktor,148,Izio,126,,,,,2
RL_s09 - Baron 5 game 27,2026-07-09,Kivok,180,luigino71,143,,,,,2
RL_s09 - Baron 6 game 23,2026-07-09,Csannerud,130,joniboni,123,,,,,2
RL_s09 - Baron 6 game 24,2026-07-09,joniboni,202,Bonneville22,172,,,,,2
RL_s09 - Baron 6 game 28,2026-07-09,Bonneville22,164,pj79,132,,,,,2
RL_s09 - Count 2 game 24,2026-07-09,StonedHenge420,132,Bull3,130,,,,,2
RL_s09 - Count 2 game 9,2026-07-09,Saerleon,188,Firedart,151,,,,,2
RL_s09 - Count 4 game 1,2026-07-09,xYotsuba,260,Jonny125,169,,,,,2
RL_s09 - Count 6 game 14,2026-07-09,MindKillazz,199,nerficya,154,,,,,2
RL_s09 - Count 7 game 28,2026-07-09,Nepgear,245,santhosh163,195,,,,,2
RL_s09 - Count 8 game 23,2026-07-09,GoblinMatron,186,vbogoev,137,,,,,2
RL_s09 - Duke 1 game 9,2026-07-09,Sektat,249,NFGM,238,,,,,2
RL_s09 - Knight 3 game 2,2026-07-09,Mitchum,102,Kruch,98,,,,,2
RL_s09 - Marquess 4 game 2,2026-07-09,jantteri,103,Beebs,-2,,,,,2
RL_s09 - Marquess 5 game 14,2026-07-09,Malakesh,228,gabev,222,,,,,2
RL_s09 - Prince 2 game 28,2026-07-09,CaesarSalah,192,Dazzy,190,,,,,2
RL_s09 - Viscount 1 game 2,2026-07-09,KidCanuck,224,jonzewiespike,215,,,,,2
RL_s09 - Viscount 10 game 9,2026-07-09,KubikD,119,nattee,76,,,,,2
RL_s09 - Viscount 11 game 1,2026-07-09,MBlueMan,130,sms18004,115,,,,,2
RL_s09 - Viscount 12 game 23,2026-07-09,docpain,276,Ddafaith,153,,,,,2
RL_s09 - Viscount 6 game 9,2026-07-09,Sirkopczyk,203,abobey,150,,,,,2
RL_s09 - Viscount 9 game 1,2026-07-09,Jerry2017,270,CRocky,229,,,,,2
RL_s09 - Baron 12 game 24,2026-07-10,skab12,233,Micha501,178,,,,,2
RL_s09 - Baron 13 game 14,2026-07-10,Captn4wesome,214,Rob13,178,,,,,2
RL_s09 - Baron 15 game 2,2026-07-10,vgiannog,263,icepick_mn,175,,,,,2
RL_s09 - Baron 16 game 24,2026-07-10,Aaronwebber,262,MarcoM,188,,,,,2
RL_s09 - Baron 16 game 9,2026-07-10,Olunia,255,MajorGaz,220,,,,,2
RL_s09 - Baron 17 game 2,2026-07-10,Exile,67,Sathran,-2,,,,,2
RL_s09 - Baron 20 game 24,2026-07-10,ecec,266,Polldrake,195,,,,,2
RL_s09 - Count 6 game 27,2026-07-10,vagrantil,270,mikemast,231,,,,,2
RL_s09 - Duke 1 game 24,2026-07-10,Bad_Horse,158,Praetorianer,156,,,,,2
RL_s09 - Marquess 4 game 1,2026-07-10,Beebs,226,MurphyAKL,142,,,,,2
RL_s09 - Viscount 1 game 24,2026-07-10,Bizniouf,237,xeveli,139,,,,,2
RL_s09 - Viscount 11 game 2,2026-07-10,Rasputin,225,sms18004,-5,,,,,2
RL_s09 - Viscount 13 game 9,2026-07-10,chefung,181,SeanHandley,152,,,,,2
RL_s09 - Viscount 2 game 27,2026-07-10,ChunkySam,208,Kermit19,111,,,,,2
RL_s09 - Viscount 4 game 2,2026-07-10,jjk,213,Kelern,158,,,,,2
RL_s09 - Baron 10 game 3,2026-07-11,Tomy_hexaper,166,RiRu,113,,,,,2
RL_s09 - Baron 14 game 24,2026-07-11,clemy,259,Garban7,147,,,,,2
RL_s09 - Baron 15 game 24,2026-07-11,Spudman,172,Mockingbird5,162,,,,,2
RL_s09 - Baron 18 game 23,2026-07-11,omoi,145,Everex,137,,,,,2
RL_s09 - Baron 18 game 9,2026-07-11,Ekdezel,184,Vegeta4791,147,,,,,2
RL_s09 - Baron 2 game 26,2026-07-11,Vi15So17,160,kaeptnblaubaer,110,,,,,2
RL_s09 - Baron 21 game 27,2026-07-11,Marabu8,169,Impr,128,,,,,2
RL_s09 - Baron 4 game 9,2026-07-11,Vanillehahn,247,FireBones,225,,,,,2
RL_s09 - Baron 6 game 27,2026-07-11,Csannerud,161,pj79,124,,,,,2
RL_s09 - Baron 7 game 27,2026-07-11,baggioka,214,irule,149,,,,,2
RL_s09 - Baron 8 game 3,2026-07-11,anonaki,221,redantx,93,,,,,2
RL_s09 - Baron 8 game 9,2026-07-11,anonaki,192,Rick80,146,,,,,2
RL_s09 - Baron 9 game 24,2026-07-11,Merclaw,210,Gr33ny,166,,,,,2
RL_s09 - Baron 9 game 27,2026-07-11,etJake,275,Tyrtaios,217,,,,,2
RL_s09 - Count 1 game 2,2026-07-11,cyb3k,198,Nostradamus5321,-5,,,,,2
RL_s09 - Count 3 game 14,2026-07-11,Sunmaster14_LV,133,Agnsild,106,,,,,2
RL_s09 - Count 8 game 3,2026-07-11,Gelato,164,Mephist,106,,,,,2
RL_s09 - Emperor game 25,2026-07-11,Martin_Pecheur,42,wolvs,-2,,,,,2
RL_s09 - Emperor game 3,2026-07-11,yaop,97,Gilgamesh2,-2,,,,,2
RL_s09 - Knight 1 game 27,2026-07-11,Imiter,115,Shiffdog,97,,,,,2
RL_s09 - Knight 2 game 14,2026-07-11,Icarium,156,MeteorisVulcanus,147,,,,,2
RL_s09 - Knight 2 game 27,2026-07-11,Bookhouseboy,179,BuddhaBoost,137,,,,,2
RL_s09 - Marquess 2 game 2,2026-07-11,Shagrat,184,ChipsAhoya,150,,,,,2
RL_s09 - Marquess 3 game 24,2026-07-11,ysiad,244,raist,211,,,,,2
RL_s09 - Marquess 3 game 27,2026-07-11,eggmancs,230,Flower4,219,,,,,2
RL_s09 - Marquess 3 game 9,2026-07-11,ERock37,254,roverandom,216,,,,,2
RL_s09 - Prince 2 game 24,2026-07-11,CaesarSalah,362,Allfather,352,,,,,2
RL_s09 - Viscount 12 game 2,2026-07-11,SKJaCaRD,180,PacoHolliday,167,,,,,2
RL_s09 - Viscount 2 game 9,2026-07-11,Maharaj_JD,135,kev5047,91,,,,,2
RL_s09 - Viscount 3 game 26,2026-07-11,Mike1313,225,wittr,207,,,,,2
RL_s09 - Viscount 7 game 23,2026-07-11,Sarek,212,martinxjames,207,,,,,2
RL_s09 - Viscount 9 game 23,2026-07-11,TheElk,194,rabalder,189,,,,,2
RL_s09 - Baron 1 game 26,2026-07-12,LordTheodore,215,Rudiz,130,,,,,2
RL_s09 - Baron 11 game 9,2026-07-12,amadeo,183,andykr,167,,,,,2
RL_s09 - Baron 12 game 28,2026-07-12,Micha501,199,hypodg,171,,,,,2
RL_s09 - Baron 12 game 8,2026-07-12,TeriyakiJaccuzi,249,Archangel,145,,,,,2
RL_s09 - Baron 15 game 25,2026-07-12,DucciEmi,118,Spudman,117,,,,,2
RL_s09 - Baron 17 game 14,2026-07-12,Dimitris,174,Sathran,142,,,,,2
RL_s09 - Baron 17 game 27,2026-07-12,FrenkDeTank,189,Purplegoo,149,,,,,2
RL_s09 - Baron 18 game 24,2026-07-12,Francesco1812,124,Everex,123,,,,,2
RL_s09 - Baron 19 game 8,2026-07-12,Netrom,202,tronnemann,182,,,,,2
RL_s09 - Baron 21 game 3,2026-07-12,Jmstoic,144,z0pfel,63,,,,,2
RL_s09 - Baron 3 game 28,2026-07-12,Dzsabo,157,HolyOutlaw,119,,,,,2
RL_s09 - Baron 5 game 26,2026-07-12,Kivok,183,Fullynice,168,,,,,2
RL_s09 - Baron 7 game 28,2026-07-12,baggioka,216,Franzy,133,,,,,2
RL_s09 - Baron 9 game 9,2026-07-12,refs,93,jdtyler7,85,,,,,2
RL_s09 - Count 2 game 26,2026-07-12,StonedHenge420,200,Sonder.,162,,,,,2
RL_s09 - Count 2 game 27,2026-07-12,Sonder.,202,M.T,192,,,,,2
RL_s09 - Count 4 game 25,2026-07-12,Tasku,224,aivin,120,,,,,2
RL_s09 - Count 5 game 9,2026-07-12,Gudimundi,180,Hotti180,149,,,,,2
RL_s09 - Count 6 game 25,2026-07-12,vagrantil,205,Barnes,176,,,,,2
RL_s09 - Count 7 game 2,2026-07-12,kenchan,258,Gubbstyv,218,,,,,2
RL_s09 - Emperor game 28,2026-07-12,saru,335,Martin_Pecheur,262,,,,,2
RL_s09 - Knight 1 game 2,2026-07-12,vito,230,luckrider,112,,,,,2
RL_s09 - Knight 2 game 9,2026-07-12,MeteorisVulcanus,114,Monik,107,,,,,2
RL_s09 - Knight 3 game 27,2026-07-12,johnboy,106,metternich,95,,,,,2
RL_s09 - Knight 3 game 9,2026-07-12,Largos,164,jmcj,140,,,,,2
RL_s09 - Marquess 1 game 25,2026-07-12,richardhell,60,flutter,-2,,,,,2
RL_s09 - Marquess 3 game 3,2026-07-12,roverandom,259,poikai2,256,,,,,2
RL_s09 - Marquess 4 game 24,2026-07-12,Dayvs,204,Dread_84,203,,,,,2
RL_s09 - Marquess 4 game 9,2026-07-12,MurphyAKL,181,HeirOfValyria,170,,,,,2
RL_s09 - Prince 2 game 3,2026-07-12,pv4,173,LittleBob,82,,,,,2
RL_s09 - Prince 2 game 8,2026-07-12,Pitor,209,daggsea,135,,,,,2
RL_s09 - Viscount 1 game 9,2026-07-12,Cat12,191,TheYoungDutch,185,,,,,2
RL_s09 - Viscount 11 game 24,2026-07-12,SafeT,165,Graypilgrim,144,,,,,2
RL_s09 - Viscount 2 game 26,2026-07-12,ChunkySam,122,FlyGon,99,,,,,2
RL_s09 - Viscount 5 game 26,2026-07-12,Darain,180,Prashanth,165,,,,,2
RL_s09 - Viscount 8 game 25,2026-07-12,EnozamaIV,181,Pieroz88,138,,,,,2
RL_s09 - Viscount 8 game 26,2026-07-12,BuWu,90,Nightvayne,-2,,,,,2
RL_s09 - Viscount 9 game 2,2026-07-12,Jerry2017,204,javimb89,119,,,,,2
RL_s09 - Viscount 9 game 9,2026-07-12,CRocky,178,joecackler,163,,,,,2
RL_s09 - Baron 10 game 24,2026-07-13,bobcatbob,190,IrenaX,151,,,,,2
RL_s09 - Baron 11 game 1,2026-07-13,amadeo,264,Bigsbyben,148,,,,,2
RL_s09 - Baron 11 game 28,2026-07-13,bcnoexceptions,175,RJonkers,76,,,,,2
RL_s09 - Baron 12 game 27,2026-07-13,hypodg,160,Mister_Pazel,145,,,,,2
RL_s09 - Baron 13 game 2,2026-07-13,Izayoi,185,Rob13,47,,,,,2
RL_s09 - Baron 13 game 26,2026-07-13,Victory7,165,justnomame,114,,,,,2
RL_s09 - Baron 13 game 8,2026-07-13,OodOok,237,Rob13,204,,,,,2
RL_s09 - Baron 16 game 2,2026-07-13,brumynut,130,RoboKay314,85,,,,,2
RL_s09 - Baron 17 game 26,2026-07-13,Purplegoo,181,Sopelek,153,,,,,2
RL_s09 - Baron 18 game 8,2026-07-13,Vegeta4791,137,Dubz,129,,,,,2
RL_s09 - Baron 19 game 3,2026-07-13,chris223,145,KTown,89,,,,,2
RL_s09 - Baron 2 game 1,2026-07-13,BitterBlossom,178,WraightCZ,127,,,,,2
RL_s09 - Baron 2 game 3,2026-07-13,HRG,137,WraightCZ,95,,,,,2
RL_s09 - Baron 20 game 3,2026-07-13,McNulty,121,Lammoth,116,,,,,2
RL_s09 - Baron 20 game 8,2026-07-13,tiffelvet,210,Larsusvonundzu,195,,,,,2
RL_s09 - Baron 21 game 25,2026-07-13,Marabu8,372,Igelkotten,226,,,,,2
RL_s09 - Baron 3 game 27,2026-07-13,ZioKhan,172,Dzsabo,117,,,,,2
RL_s09 - Baron 4 game 8,2026-07-13,tjreasoner,163,FireBones,112,,,,,2
RL_s09 - Baron 6 game 3,2026-07-13,michasz,31,Hampsink,-2,,,,,2
RL_s09 - Baron 6 game 8,2026-07-13,scaggi,153,sirlenon,130,,,,,2
RL_s09 - Baron 7 game 8,2026-07-13,zackg,89,greyshade,85,,,,,2
RL_s09 - Count 1 game 8,2026-07-13,belowfox,104,cyb3k,80,,,,,2
RL_s09 - Count 2 game 8,2026-07-13,condemor,209,Saerleon,149,,,,,2
RL_s09 - Count 3 game 25,2026-07-13,lol1,191,Turdle,142,,,,,2
RL_s09 - Count 3 game 27,2026-07-13,lol1,214,JimmyLin,148,,,,,2
RL_s09 - Count 3 game 3,2026-07-13,Agnsild,239,Garghiii,142,,,,,2
RL_s09 - Count 4 game 2,2026-07-13,bryanckh,258,xYotsuba,251,,,,,2
RL_s09 - Count 5 game 23,2026-07-13,Garlett,147,Noa1,99,,,,,2
RL_s09 - Count 5 game 24,2026-07-13,Noa1,231,theussner79,171,,,,,2
RL_s09 - Count 6 game 8,2026-07-13,sergilicious,134,nerficya,120,,,,,2
RL_s09 - Count 7 game 8,2026-07-13,Gubbstyv,157,snakilan,93,,,,,2
RL_s09 - Count 8 game 27,2026-07-13,Daemon3142,221,GoblinMatron,206,,,,,2
RL_s09 - Duke 1 game 26,2026-07-13,Bad_Horse,115,Doobie,109,,,,,2
RL_s09 - Duke 1 game 3,2026-07-13,Sektat,238,Lander90,214,,,,,2
RL_s09 - Duke 3 game 26,2026-07-13,Sellux,173,BlixLT,101,,,,,2
RL_s09 - Duke 3 game 3,2026-07-13,ben0728,211,Gagic,160,,,,,2
RL_s09 - Duke 3 game 8,2026-07-13,Icallhimtest,231,ed_vins,208,,,,,2
RL_s09 - Emperor game 8,2026-07-13,Raffaello,209,Grozz,187,,,,,2
RL_s09 - King game 14,2026-07-13,Arne,289,Kolo,278,,,,,2
RL_s09 - King game 25,2026-07-13,Weidenbaum,122,mwi,-2,,,,,2
RL_s09 - Knight 3 game 26,2026-07-13,metternich,174,Jume,174,,,,,2
RL_s09 - Knight 3 game 8,2026-07-13,jmcj,125,Kruch,110,,,,,2
RL_s09 - Marquess 1 game 14,2026-07-13,drodriguez,265,Muning,218,,,,,2
RL_s09 - Marquess 2 game 25,2026-07-13,Adamez,207,fathope,169,,,,,2
RL_s09 - Marquess 2 game 26,2026-07-13,BoatyMcBoatface,170,Masox,131,,,,,2
RL_s09 - Marquess 2 game 9,2026-07-13,Vortex1612,257,maunzzz,63,,,,,2
RL_s09 - Prince 1 game 3,2026-07-13,Kesterer,116,Majondor,94,,,,,2
RL_s09 - Prince 2 game 25,2026-07-13,Allfather,242,Dazzy,225,,,,,2
RL_s09 - Viscount 10 game 2,2026-07-13,IpaStian,152,DonStino,83,,,,,2
RL_s09 - Viscount 11 game 25,2026-07-13,SafeT,188,Kor,124,,,,,2
RL_s09 - Viscount 12 game 27,2026-07-13,Ddafaith,81,Spence2102,-2,,,,,2
RL_s09 - Viscount 12 game 8,2026-07-13,SKJaCaRD,167,Kejml,124,,,,,2
RL_s09 - Viscount 13 game 24,2026-07-13,JoopHuizinga,238,Pshemo,177,,,,,2
RL_s09 - Viscount 2 game 2,2026-07-13,firlefanzer,146,jacksonray,134,,,,,2
RL_s09 - Viscount 3 game 8,2026-07-13,Oleksandr,202,Pulpecja,178,,,,,2
RL_s09 - Viscount 3 game 9,2026-07-13,pdx,208,Pulpecja,149,,,,,2
RL_s09 - Viscount 4 game 8,2026-07-13,Depp,155,Kelern,146,,,,,2
RL_s09 - Viscount 6 game 3,2026-07-13,Sirkopczyk,267,Tomtomparking,206,,,,,2
RL_s09 - Viscount 7 game 27,2026-07-13,Terence,210,Sarek,135,,,,,2
RL_s09 - Baron 1 game 25,2026-07-14,Krex,144,Mammaklaskern,141,,,,,2
RL_s09 - Baron 1 game 8,2026-07-14,Legoman,161,oleKanin,148,,,,,2
RL_s09 - Baron 11 game 8,2026-07-14,amadeo,234,Cromlech,127,,,,,2
RL_s09 - Baron 12 game 26,2026-07-14,Micha501,142,Mister_Pazel,133,,,,,2
RL_s09 - Baron 13 game 25,2026-07-14,Caligulala,166,OrionAlpha,123,,,,,2
RL_s09 - Baron 14 game 2,2026-07-14,AdumbusPrime,158,Jesaphi,129,,,,,2
RL_s09 - Baron 14 game 25,2026-07-14,clemy,261,Moskbnea,166,,,,,2
RL_s09 - Baron 17 game 8,2026-07-14,tysat,19,Sathran,-2,,,,,2
RL_s09 - Baron 19 game 24,2026-07-14,Modiarty,171,Darkksun,136,,,,,2
RL_s09 - Baron 2 game 9,2026-07-14,BitterBlossom,164,HRG,120,,,,,2
RL_s09 - Baron 4 game 27,2026-07-14,maciek,141,Daze,137,,,,,2
RL_s09 - Baron 5 game 2,2026-07-14,akira215,163,Wiktor,111,,,,,2
RL_s09 - Baron 8 game 25,2026-07-14,MrGekz,62,silverpaun,45,,,,,2
RL_s09 - Baron 8 game 26,2026-07-14,Tasso,128,KTMatthews,17,,,,,2
RL_s09 - Baron 9 game 8,2026-07-14,jdtyler7,125,mooscolly,107,,,,,2
RL_s09 - Count 1 game 25,2026-07-14,jhutc,195,Bathman,133,,,,,2
RL_s09 - Count 5 game 27,2026-07-14,Spartan1337,168,Garlett,132,,,,,2
RL_s09 - Count 8 game 8,2026-07-14,lhrljr,224,Mario86,119,,,,,2
RL_s09 - Duke 2 game 14,2026-07-14,Gutemetralla,185,daimx,121,,,,,2
RL_s09 - Duke 2 game 27,2026-07-14,zcx,188,GerisNezus,125,,,,,2
RL_s09 - King game 26,2026-07-14,darwinian,275,RestlessMe,274,,,,,2
RL_s09 - Knight 1 game 24,2026-07-14,Saph4ir,206,VladBenez,116,,,,,2
RL_s09 - Knight 1 game 25,2026-07-14,Saph4ir,190,Shiffdog,180,,,,,2
RL_s09 - Knight 2 game 25,2026-07-14,Dunketelin,75,Bookhouseboy,-2,,,,,2
RL_s09 - Knight 2 game 26,2026-07-14,Claudius74,236,BuddhaBoost,181,,,,,2
RL_s09 - Marquess 4 game 8,2026-07-14,jantteri,236,MurphyAKL,166,,,,,2
RL_s09 - Marquess 5 game 8,2026-07-14,Malakesh,175,Gyphon,164,,,,,2
RL_s09 - Marquess 5 game 9,2026-07-14,Gyphon,211,gabev,210,,,,,2
RL_s09 - Viscount 1 game 3,2026-07-14,TheYoungDutch,250,jonzewiespike,119,,,,,2
RL_s09 - Viscount 10 game 26,2026-07-14,wolfcub41,167,Gandy,153,,,,,2
RL_s09 - Viscount 10 game 3,2026-07-14,DonStino,78,KubikD,-2,,,,,2
RL_s09 - Viscount 13 game 28,2026-07-14,St-Amadeus,235,Pshemo,130,,,,,2
RL_s09 - Viscount 4 game 27,2026-07-14,Kimmo,86,Wennejoekel,-2,,,,,2
RL_s09 - Viscount 5 game 1,2026-07-14,Gabilou,191,Proteus,171,,,,,2
RL_s09 - Viscount 5 game 9,2026-07-14,Proteus,182,northlynx,165,,,,,2
RL_s09 - Viscount 7 game 25,2026-07-14,martinxjames,201,Terence,180,,,,,2
RL_s09 - Viscount 7 game 8,2026-07-14,saiggo16,200,Conzi,170,,,,,2
RL_s09 - Baron 11 game 2,2026-07-15,Bigsbyben,203,Cromlech,145,,,,,2
RL_s09 - Baron 12 game 3,2026-07-15,Jochabeth,216,Cleveman,190,,,,,2
RL_s09 - Baron 13 game 9,2026-07-15,Captn4wesome,164,OodOok,156,,,,,2
RL_s09 - Baron 14 game 3,2026-07-15,Bergen,220,Jesaphi,200,,,,,2
RL_s09 - Baron 16 game 8,2026-07-15,brumynut,244,Olunia,145,,,,,2
RL_s09 - Baron 17 game 25,2026-07-15,FrenkDeTank,252,saZmer,68,,,,,2
RL_s09 - Baron 18 game 25,2026-07-15,NateHiggersonJR,238,Everex,158,,,,,2
RL_s09 - Baron 18 game 26,2026-07-15,Francesco1812,149,omoi,108,,,,,2
RL_s09 - Baron 20 game 25,2026-07-15,ecec,270,Dienekes,69,,,,,2
RL_s09 - Baron 20 game 27,2026-07-15,Dienekes,158,CuJ,151,,,,,2
RL_s09 - Baron 21 game 8,2026-07-15,pavelceska,274,Cristiancordeu,207,,,,,2
RL_s09 - Baron 4 game 3,2026-07-15,Vanillehahn,253,BGTigger,177,,,,,2
RL_s09 - Baron 5 game 25,2026-07-15,JoshyWiggins,187,luigino71,123,,,,,2
RL_s09 - Baron 5 game 9,2026-07-15,Izio,254,JS619,138,,,,,2
RL_s09 - Baron 7 game 24,2026-07-15,Franzy,214,Amitke,157,,,,,2
RL_s09 - Baron 9 game 25,2026-07-15,etJake,183,Merclaw,146,,,,,2
RL_s09 - Count 1 game 26,2026-07-15,Trond79,116,wartin,-2,,,,,2
RL_s09 - Count 4 game 8,2026-07-15,bryanckh,188,Jonny125,112,,,,,2
RL_s09 - Duke 1 game 8,2026-07-15,holy834,209,NFGM,142,,,,,2
RL_s09 - Duke 2 game 2,2026-07-15,daimx,196,Unterjochen,181,,,,,2
RL_s09 - Marquess 2 game 3,2026-07-15,maunzzz,183,ChipsAhoya,99,,,,,2
RL_s09 - Marquess 3 game 26,2026-07-15,ysiad,326,Flower4,281,,,,,2
RL_s09 - Marquess 4 game 27,2026-07-15,llsgnm,166,Vangelisb,72,,,,,2
RL_s09 - Prince 1 game 27,2026-07-15,Dantes,245,Arcee,152,,,,,2
RL_s09 - Prince 1 game 9,2026-07-15,Majondor,83,Drikhen,-2,,,,,2
RL_s09 - Viscount 1 game 26,2026-07-15,Zegs,155,Bizniouf,96,,,,,2
RL_s09 - Viscount 12 game 25,2026-07-15,docpain,114,Spence2102,-2,,,,,2
RL_s09 - Viscount 12 game 3,2026-07-15,humanmoves,166,PacoHolliday,151,,,,,2
RL_s09 - Viscount 13 game 25,2026-07-15,JoopHuizinga,144,St-Amadeus,129,,,,,2
RL_s09 - Viscount 13 game 27,2026-07-15,Arkadiussus,208,St-Amadeus,191,,,,,2
RL_s09 - Viscount 13 game 8,2026-07-15,Pavnco,159,chefung,106,,,,,2
RL_s09 - Viscount 3 game 25,2026-07-15,Michcio,158,SirDaan,153,,,,,2
RL_s09 - Viscount 6 game 24,2026-07-15,Silvester,306,Diogenes,237,,,,,2
RL_s09 - Viscount 8 game 8,2026-07-15,ThePerceptiveGamer,190,Quokka,131,,,,,2
RL_s09 - Viscount 9 game 25,2026-07-15,ChampDeGlace,171,rabalder,150,,,,,2
RL_s09 - Baron 15 game 14,2026-07-16,icepick_mn,219,sodalppargkppakee,218,,,,,2
RL_s09 - Baron 17 game 9,2026-07-16,tysat,163,Dimitris,-5,,,,,2
RL_s09 - Baron 19 game 25,2026-07-16,Darkksun,171,InGodWeTrust,112,,,,,2
RL_s09 - Baron 19 game 26,2026-07-16,Modiarty,208,SullyWully,142,,,,,2
RL_s09 - Baron 3 game 26,2026-07-16,HolyOutlaw,191,ZioKhan,173,,,,,2
RL_s09 - Baron 7 game 26,2026-07-16,irule,277,Franzy,249,,,,,2
RL_s09 - Baron 8 game 8,2026-07-16,Rick80,190,Sirovec,164,,,,,2
RL_s09 - Baron 9 game 1,2026-07-16,jdtyler7,166,RougeEconomist,151,,,,,2
RL_s09 - Count 7 game 23,2026-07-16,Obinger_Alphons,275,gamblerch,219,,,,,2
RL_s09 - Duke 2 game 26,2026-07-16,MrBiz,235,GerisNezus,224,,,,,2
RL_s09 - Duke 2 game 9,2026-07-16,Gutemetralla,182,SwaulgustusCaesar,130,,,,,2
RL_s09 - Knight 1 game 1,2026-07-16,MyriamVanErum,218,luckrider,173,,,,,2
RL_s09 - Knight 1 game 9,2026-07-16,Rebel_Rebs,212,MyriamVanErum,198,,,,,2
RL_s09 - Knight 3 game 25,2026-07-16,johnboy,85,gutibudoka,28,,,,,2
RL_s09 - Marquess 1 game 2,2026-07-16,tianren4561367,189,drodriguez,177,,,,,2
RL_s09 - Marquess 1 game 9,2026-07-16,Muning,73,TheKrunk,-2,,,,,2
RL_s09 - Marquess 4 game 26,2026-07-16,llsgnm,191,Dayvs,154,,,,,2
RL_s09 - Marquess 5 game 25,2026-07-16,CrownKiller,139,Sakic19,123,,,,,2
RL_s09 - Prince 1 game 23,2026-07-16,syras,192,Arcee,180,,,,,2
RL_s09 - Viscount 11 game 8,2026-07-16,MBlueMan,201,Rasputin,174,,,,,2
RL_s09 - Viscount 13 game 3,2026-07-16,SeanHandley,155,J-dog,143,,,,,2
RL_s09 - Viscount 5 game 2,2026-07-16,tue2k,170,Gabilou,167,,,,,2
RL_s09 - Viscount 5 game 25,2026-07-16,Sawell,242,Kaczas,212,,,,,2
RL_s09 - Viscount 6 game 28,2026-07-16,DavidSegoviano,197,Diogenes,144,,,,,2
RL_s09 - Baron 10 game 25,2026-07-17,comant,169,IrenaX,131,,,,,2
RL_s09 - Baron 14 game 26,2026-07-17,tnawrocki,306,Garban7,211,,,,,2
RL_s09 - Baron 15 game 8,2026-07-17,icepick_mn,201,mahlerian_shadow,141,,,,,2
RL_s09 - Baron 4 game 26,2026-07-17,maciek,184,Froggy42,146,,,,,2
RL_s09 - Baron 5 game 3,2026-07-17,Wiktor,189,JS619,184,,,,,2
RL_s09 - Baron 6 game 26,2026-07-17,Bonneville22,151,Csannerud,126,,,,,2
RL_s09 - Count 2 game 3,2026-07-17,Firedart,298,AndriiN,201,,,,,2
RL_s09 - Count 5 game 26,2026-07-17,Garlett,201,theussner79,128,,,,,2
RL_s09 - Count 6 game 9,2026-07-17,MindKillazz,155,sergilicious,144,,,,,2
RL_s09 - Duke 2 game 24,2026-07-17,MrBiz,140,Cogito3,135,,,,,2
RL_s09 - Knight 1 game 8,2026-07-17,vito,272,MyriamVanErum,197,,,,,2
RL_s09 - Knight 3 game 3,2026-07-17,Largos,148,Mitchum,117,,,,,2
RL_s09 - Viscount 1 game 25,2026-07-17,henrymerrivale,176,xeveli,129,,,,,2
RL_s09 - Viscount 12 game 26,2026-07-17,Ddafaith,224,Asperins,220,,,,,2
RL_s09 - Viscount 2 game 3,2026-07-17,Maharaj_JD,213,firlefanzer,177,,,,,2
RL_s09 - Viscount 5 game 8,2026-07-17,Proteus,177,tue2k,176,,,,,2
RL_s09 - Viscount 9 game 27,2026-07-17,ChampDeGlace,234,TheElk,67,,,,,2
RL_s09 - Baron 10 game 22,2026-07-18,comant,164,RiRu,139,,,,,2
RL_s09 - Baron 14 game 8,2026-07-18,AdumbusPrime,252,Andreyko2003,169,,,,,2
RL_s09 - Baron 15 game 9,2026-07-18,sodalppargkppakee,265,mahlerian_shadow,202,,,,,2
RL_s09 - Baron 18 game 17,2026-07-18,Dubz,189,Francesco1812,186,,,,,2
RL_s09 - Baron 3 game 3,2026-07-18,V.Lustig,121,CloneFish,96,,,,,2
RL_s09 - Baron 7 game 2,2026-07-18,Ioannis3,194,greyshade,172,,,,,2
RL_s09 - Count 1 game 3,2026-07-18,Nostradamus5321,150,guppyfry,117,,,,,2
RL_s09 - Count 3 game 22,2026-07-18,lol1,161,Agnsild,116,,,,,2
RL_s09 - Count 8 game 25,2026-07-18,Daemon3142,200,vbogoev,148,,,,,2
RL_s09 - Count 8 game 26,2026-07-18,GoblinMatron,219,ElKhan,205,,,,,2
RL_s09 - Emperor game 11,2026-07-18,DANeo,213,Raffaello,206,,,,,2
RL_s09 - Emperor game 22,2026-07-18,Martin_Pecheur,190,Gilgamesh2,186,,,,,2
RL_s09 - Knight 2 game 3,2026-07-18,MeteorisVulcanus,141,Redda,96,,,,,2
RL_s09 - Marquess 1 game 26,2026-07-18,GrandHedgehog,218,kevinsbane,142,,,,,2
RL_s09 - Marquess 1 game 3,2026-07-18,tianren4561367,67,Muning,-2,,,,,2
RL_s09 - Prince 1 game 24,2026-07-18,dellcan,247,syras,220,,,,,2
RL_s09 - Viscount 11 game 3,2026-07-18,t-k-421,231,sms18004,216,,,,,2
RL_s09 - Viscount 6 game 8,2026-07-18,EugeneB,184,abobey,-5,,,,,2
RL_s09 - Viscount 7 game 3,2026-07-18,phoang,142,Michal_Kossakowski,131,,,,,2
RL_s09 - Viscount 7 game 9,2026-07-18,phoang,215,saiggo16,210,,,,,2
RL_s09 - Viscount 8 game 11,2026-07-18,BuWu,268,ThePerceptiveGamer,227,,,,,2
RL_s09 - Baron 1 game 22,2026-07-19,Mammaklaskern,165,kabel2,147,,,,,2
RL_s09 - Baron 10 game 26,2026-07-19,bobcatbob,121,Crs,109,,,,,2
RL_s09 - Baron 11 game 3,2026-07-19,Bigsbyben,207,andykr,195,,,,,2
RL_s09 - Baron 13 game 17,2026-07-19,Victory7,192,Rob13,139,,,,,2
RL_s09 - Baron 17 game 4,2026-07-19,saZmer,270,Exile,115,,,,,2
RL_s09 - Baron 18 game 3,2026-07-19,Ekdezel,180,verbalg,142,,,,,2
RL_s09 - Baron 19 game 11,2026-07-19,tronnemann,217,SullyWully,165,,,,,2
RL_s09 - Baron 2 game 25,2026-07-19,ArthursDad,162,JohnnyMac,117,,,,,2
RL_s09 - Baron 21 game 22,2026-07-19,z0pfel,305,Marabu8,302,,,,,2
RL_s09 - Baron 21 game 4,2026-07-19,Jmstoic,194,Igelkotten,125,,,,,2
RL_s09 - Baron 3 game 25,2026-07-19,HumusAmongUs,142,Dzsabo,135,,,,,2
RL_s09 - Baron 4 game 4,2026-07-19,BGTigger,129,migoet,91,,,,,2
RL_s09 - Baron 5 game 4,2026-07-19,Wiktor,166,JoshyWiggins,130,,,,,2
RL_s09 - Count 1 game 11,2026-07-19,belowfox,165,Trond79,75,,,,,2
RL_s09 - Count 2 game 17,2026-07-19,condemor,256,StonedHenge420,254,,,,,2
RL_s09 - Count 2 game 4,2026-07-19,Bull3,255,AndriiN,147,,,,,2
RL_s09 - Count 5 game 17,2026-07-19,Rolls.Royal,144,theussner79,142,,,,,2
RL_s09 - Count 5 game 3,2026-07-19,Watlersen,113,Gudimundi,-2,,,,,2
RL_s09 - Count 6 game 17,2026-07-19,xiaoduan,131,nerficya,64,,,,,2
RL_s09 - Count 6 game 26,2026-07-19,xiaoduan,212,mikemast,44,,,,,2
RL_s09 - Count 7 game 25,2026-07-19,santhosh163,222,Obinger_Alphons,218,,,,,2
RL_s09 - Duke 2 game 25,2026-07-19,zcx,146,Cogito3,101,,,,,2
RL_s09 - Duke 2 game 8,2026-07-19,SwaulgustusCaesar,111,daimx,84,,,,,2
RL_s09 - Duke 3 game 11,2026-07-19,ed_vins,137,Sellux,61,,,,,2
RL_s09 - Emperor game 24,2026-07-19,saru,209,wolvs,184,,,,,2
RL_s09 - Emperor game 4,2026-07-19,yaop,220,wolvs,183,,,,,2
RL_s09 - King game 11,2026-07-19,RestlessMe,235,Vovka,229,,,,,2
RL_s09 - King game 2,2026-07-19,FirstOfDao,278,Kolo,159,,,,,2
RL_s09 - King game 3,2026-07-19,FirstOfDao,233,Arne,230,,,,,2
RL_s09 - King game 9,2026-07-19,Arne,282,Vovka,269,,,,,2
RL_s09 - Knight 3 game 11,2026-07-19,jmcj,140,metternich,90,,,,,2
RL_s09 - Knight 3 game 4,2026-07-19,Mitchum,69,gutibudoka,-2,,,,,2
RL_s09 - Marquess 1 game 4,2026-07-19,tianren4561367,171,richardhell,47,,,,,2
RL_s09 - Marquess 1 game 8,2026-07-19,drodriguez,165,TheKrunk,150,,,,,2
RL_s09 - Marquess 4 game 17,2026-07-19,jantteri,195,Dayvs,182,,,,,2
RL_s09 - Marquess 5 game 3,2026-07-19,tupper,96,gabev,-2,,,,,2
RL_s09 - Prince 1 game 17,2026-07-19,dellcan,240,Rajeev,135,,,,,2
RL_s09 - Prince 2 game 11,2026-07-19,Yookie,153,daggsea,101,,,,,2
RL_s09 - Prince 2 game 26,2026-07-19,Yookie,154,CaesarSalah,142,,,,,2
RL_s09 - Prince 2 game 4,2026-07-19,Allfather,329,pv4,328,,,,,2
RL_s09 - Viscount 10 game 8,2026-07-19,IpaStian,184,nattee,168,,,,,2
RL_s09 - Viscount 11 game 22,2026-07-19,Kor,221,t-k-421,129,,,,,2
RL_s09 - Viscount 13 game 4,2026-07-19,J-dog,134,JoopHuizinga,129,,,,,2
RL_s09 - Viscount 2 game 17,2026-07-19,jacksonray,69,FlyGon,-2,,,,,2
RL_s09 - Viscount 3 game 17,2026-07-19,Oleksandr,234,wittr,230,,,,,2
RL_s09 - Viscount 3 game 3,2026-07-19,petrau77,157,pdx,-5,,,,,2
RL_s09 - Viscount 4 game 25,2026-07-19,DieKrake89,209,Wennejoekel,168,,,,,2
RL_s09 - Viscount 4 game 26,2026-07-19,Kimmo,197,Cooper,188,,,,,2
RL_s09 - Viscount 5 game 22,2026-07-19,Sawell,148,northlynx,139,,,,,2
RL_s09 - Viscount 6 game 25,2026-07-19,Silvester,214,DavidSegoviano,202,,,,,2
RL_s09 - Viscount 6 game 26,2026-07-19,ShPini,196,Diogenes,101,,,,,2
RL_s09 - Viscount 8 game 17,2026-07-19,Nightvayne,261,Quokka,213,,,,,2
RL_s09 - Viscount 9 game 8,2026-07-19,javimb89,167,CRocky,139,,,,,2
RL_s09 - Baron 12 game 11,2026-07-20,TeriyakiJaccuzi,155,Mister_Pazel,147,,,,,2
RL_s09 - Baron 12 game 17,2026-07-20,Micha501,147,Archangel,133,,,,,2
RL_s09 - Baron 14 game 22,2026-07-20,Bergen,239,Moskbnea,145,,,,,2
RL_s09 - Baron 15 game 4,2026-07-20,vgiannog,324,Spudman,224,,,,,2
RL_s09 - Baron 16 game 26,2026-07-20,MarcoM,204,Alfonsillo,150,,,,,2
RL_s09 - Baron 17 game 11,2026-07-20,tysat,258,Purplegoo,181,,,,,2
RL_s09 - Baron 2 game 17,2026-07-20,collace,164,Vi15So17,148,,,,,2
RL_s09 - Baron 2 game 8,2026-07-20,BitterBlossom,134,collace,127,,,,,2
RL_s09 - Baron 20 game 26,2026-07-20,Polldrake,209,CuJ,195,,,,,2
RL_s09 - Baron 20 game 4,2026-07-20,McNulty,210,ecec,184,,,,,2
RL_s09 - Baron 7 game 3,2026-07-20,nolucknoskill,131,Ioannis3,115,,,,,2
RL_s09 - Baron 9 game 26,2026-07-20,Tyrtaios,172,Gr33ny,125,,,,,2
RL_s09 - Count 2 game 11,2026-07-20,Sonder.,137,Saerleon,110,,,,,2
RL_s09 - Count 3 game 2,2026-07-20,Sunmaster14_LV,163,Garghiii,121,,,,,2
RL_s09 - Count 3 game 26,2026-07-20,taltal,203,JimmyLin,193,,,,,2
RL_s09 - Count 3 game 4,2026-07-20,Turdle,227,Garghiii,202,,,,,2
RL_s09 - Count 4 game 11,2026-07-20,Jonny125,183,Herdeksunek,172,,,,,2
RL_s09 - Count 4 game 3,2026-07-20,xYotsuba,184,schwam,148,,,,,2
RL_s09 - Count 5 game 8,2026-07-20,Rolls.Royal,130,Hotti180,95,,,,,2
RL_s09 - Count 7 game 24,2026-07-20,Nepgear,303,Obinger_Alphons,224,,,,,2
RL_s09 - Count 8 game 17,2026-07-20,ElKhan,200,Mario86,168,,,,,2
RL_s09 - Duke 1 game 17,2026-07-20,holy834,219,Bad_Horse,216,,,,,2
RL_s09 - Duke 1 game 22,2026-07-20,Sektat,134,MidnightFox,117,,,,,2
RL_s09 - Duke 1 game 25,2026-07-20,MidnightFox,144,Praetorianer,111,,,,,2
RL_s09 - Duke 3 game 25,2026-07-20,Momomillion,152,Kroplasowy,118,,,,,2
RL_s09 - Emperor game 26,2026-07-20,DANeo,145,saru,119,,,,,2
RL_s09 - King game 22,2026-07-20,Arne,266,mwi,259,,,,,2
RL_s09 - Knight 2 game 2,2026-07-20,Icarium,167,Redda,150,,,,,2
RL_s09 - Knight 3 game 17,2026-07-20,Kruch,168,Jume,117,,,,,2
RL_s09 - Marquess 3 game 4,2026-07-20,poikai2,164,raist,162,,,,,2
RL_s09 - Marquess 5 game 24,2026-07-20,FenPlays,127,CrownKiller,118,,,,,2
RL_s09 - Viscount 1 game 22,2026-07-20,TheYoungDutch,271,henrymerrivale,225,,,,,2
RL_s09 - Viscount 10 game 17,2026-07-20,wolfcub41,172,IpaStian,154,,,,,2
RL_s09 - Viscount 11 game 26,2026-07-20,Graypilgrim,165,Pudroe,145,,,,,2
RL_s09 - Viscount 12 game 17,2026-07-20,SKJaCaRD,178,Asperins,76,,,,,2
RL_s09 - Viscount 2 game 25,2026-07-20,Caveman90,154,Kermit19,-5,,,,,2
RL_s09 - Viscount 4 game 3,2026-07-20,LeBonus,275,jjk,243,,,,,2
RL_s09 - Viscount 6 game 4,2026-07-20,Silvester,202,Tomtomparking,134,,,,,2
RL_s09 - Viscount 7 game 26,2026-07-20,Sarek,118,Cresspahl,106,,,,,2
RL_s09 - Viscount 8 game 4,2026-07-20,BirdOfPreyyy,141,EnozamaIV,140,,,,,2
RL_s09 - Baron 1 game 11,2026-07-21,LordTheodore,169,oleKanin,161,,,,,2
RL_s09 - Baron 1 game 17,2026-07-21,Rudiz,111,Legoman,72,,,,,2
RL_s09 - Baron 10 game 4,2026-07-21,Tomy_hexaper,146,IrenaX,67,,,,,2
RL_s09 - Baron 11 game 25,2026-07-21,RJonkers,134,Gympanse,121,,,,,2
RL_s09 - Baron 13 game 11,2026-07-21,OodOok,130,justnomame,-5,,,,,2
RL_s09 - Baron 13 game 3,2026-07-21,Izayoi,123,Captn4wesome,102,,,,,2
RL_s09 - Baron 16 game 11,2026-07-21,Alfonsillo,229,Olunia,173,,,,,2
RL_s09 - Baron 18 game 22,2026-07-21,NateHiggersonJR,107,Ekdezel,83,,,,,2
RL_s09 - Baron 2 game 11,2026-07-21,BitterBlossom,22,kaeptnblaubaer,-2,,,,,2
RL_s09 - Baron 21 game 17,2026-07-21,Likas11,206,pavelceska,204,,,,,2
RL_s09 - Baron 3 game 11,2026-07-21,ZioKhan,162,AnBeLi3v4bLe,156,,,,,2
RL_s09 - Baron 4 game 17,2026-07-21,tjreasoner,144,Froggy42,46,,,,,2
RL_s09 - Baron 4 game 25,2026-07-21,migoet,161,Daze,144,,,,,2
RL_s09 - Baron 5 game 22,2026-07-21,luigino71,120,JS619,104,,,,,2
RL_s09 - Baron 6 game 17,2026-07-21,scaggi,164,Bonneville22,101,,,,,2
RL_s09 - Baron 7 game 11,2026-07-21,zackg,162,irule,98,,,,,2
RL_s09 - Baron 8 game 17,2026-07-21,Sirovec,151,KTMatthews,112,,,,,2
RL_s09 - Baron 8 game 22,2026-07-21,anonaki,202,silverpaun,181,,,,,2
RL_s09 - Baron 9 game 22,2026-07-21,etJake,294,refs,247,,,,,2
RL_s09 - Count 1 game 22,2026-07-21,guppyfry,174,Bathman,154,,,,,2
RL_s09 - Count 4 game 22,2026-07-21,schwam,308,aivin,300,,,,,2
RL_s09 - Count 7 game 3,2026-07-21,kenchan,140,sTeVej,99,,,,,2
RL_s09 - Count 8 game 22,2026-07-21,Daemon3142,192,Mephist,126,,,,,2
RL_s09 - Duke 1 game 11,2026-07-21,Doobie,132,NFGM,123,,,,,2
RL_s09 - Duke 3 game 17,2026-07-21,Icallhimtest,198,BlixLT,149,,,,,2
RL_s09 - Knight 1 game 3,2026-07-21,luckrider,122,Rebel_Rebs,101,,,,,2
RL_s09 - Knight 1 game 4,2026-07-21,luckrider,150,Saph4ir,116,,,,,2
RL_s09 - Marquess 1 game 11,2026-07-21,TheKrunk,239,kevinsbane,174,,,,,2
RL_s09 - Marquess 1 game 22,2026-07-21,Muning,196,flutter,167,,,,,2
RL_s09 - Marquess 2 game 22,2026-07-21,Adamez,165,maunzzz,121,,,,,2
RL_s09 - Marquess 2 game 8,2026-07-21,Vortex1612,95,Shagrat,-2,,,,,2
RL_s09 - Marquess 3 game 11,2026-07-21,ERock37,161,Flower4,150,,,,,2
RL_s09 - Marquess 4 game 3,2026-07-21,HeirOfValyria,157,Beebs,117,,,,,2
RL_s09 - Prince 2 game 22,2026-07-21,Dazzy,153,LittleBob,126,,,,,2
RL_s09 - Viscount 1 game 8,2026-07-21,Cat12,140,KidCanuck,115,,,,,2
RL_s09 - Viscount 10 game 11,2026-07-21,nattee,202,Gandy,185,,,,,2
RL_s09 - Viscount 10 game 22,2026-07-21,LeonidasI,173,KubikD,126,,,,,2
RL_s09 - Viscount 11 game 11,2026-07-21,Pudroe,139,MBlueMan,118,,,,,2
RL_s09 - Viscount 12 game 22,2026-07-21,Spence2102,161,humanmoves,132,,,,,2
RL_s09 - Viscount 12 game 4,2026-07-21,docpain,231,PacoHolliday,139,,,,,2
RL_s09 - Viscount 13 game 26,2026-07-21,Arkadiussus,242,Pshemo,242,,,,,2
RL_s09 - Viscount 3 game 11,2026-07-21,Mike1313,199,Pulpecja,78,,,,,2
RL_s09 - Viscount 3 game 4,2026-07-21,SirDaan,165,petrau77,137,,,,,2
RL_s09 - Viscount 5 game 11,2026-07-21,Darain,194,Proteus,164,,,,,2
RL_s09 - Viscount 5 game 17,2026-07-21,tue2k,244,Prashanth,118,,,,,2
RL_s09 - Viscount 5 game 3,2026-07-21,northlynx,205,Gabilou,123,,,,,2
RL_s09 - Viscount 7 game 17,2026-07-21,Cresspahl,91,Conzi,-2,,,,,2
RL_s09 - Viscount 9 game 26,2026-07-21,Panthera,204,TheElk,176,,,,,2
RL_s09 - Viscount 9 game 3,2026-07-21,Jerry2017,338,joecackler,235,,,,,2
RL_s09 - Baron 11 game 17,2026-07-22,bcnoexceptions,188,Cromlech,48,,,,,2
RL_s09 - Baron 11 game 4,2026-07-22,Bigsbyben,238,Gympanse,237,,,,,2
RL_s09 - Baron 14 game 11,2026-07-22,tnawrocki,246,Andreyko2003,131,,,,,2
RL_s09 - Baron 14 game 4,2026-07-22,Jesaphi,226,clemy,159,,,,,2
RL_s09 - Baron 17 game 3,2026-07-22,Dimitris,250,Exile,157,,,,,2
RL_s09 - Baron 19 game 4,2026-07-22,Darkksun,231,KTown,216,,,,,2
RL_s09 - Baron 6 game 11,2026-07-22,Csannerud,185,sirlenon,166,,,,,2
RL_s09 - Baron 6 game 4,2026-07-22,joniboni,197,michasz,160,,,,,2
RL_s09 - Baron 9 game 2,2026-07-22,mooscolly,67,RougeEconomist,54,,,,,2
RL_s09 - Count 2 game 25,2026-07-22,Bull3,184,M.T,-5,,,,,2
RL_s09 - Count 6 game 4,2026-07-22,Barnes,192,Padishar,151,,,,,2
RL_s09 - Knight 1 game 26,2026-07-22,Imiter,156,VladBenez,143,,,,,2
RL_s09 - Knight 2 game 11,2026-07-22,Monik,120,BuddhaBoost,-2,,,,,2
RL_s09 - Knight 2 game 22,2026-07-22,Bookhouseboy,187,MeteorisVulcanus,122,,,,,2
RL_s09 - Marquess 2 game 4,2026-07-22,ChipsAhoya,191,fathope,152,,,,,2
RL_s09 - Marquess 3 game 22,2026-07-22,roverandom,292,eggmancs,281,,,,,2
RL_s09 - Marquess 4 game 25,2026-07-22,Dread_84,153,Vangelisb,134,,,,,2
RL_s09 - Marquess 5 game 11,2026-07-22,Gyphon,162,Notbot66,157,,,,,2
RL_s09 - Prince 1 game 25,2026-07-22,Dantes,231,syras,206,,,,,2
RL_s09 - Viscount 11 game 4,2026-07-22,sms18004,173,SafeT,125,,,,,2
RL_s09 - Viscount 2 game 8,2026-07-22,jacksonray,195,kev5047,77,,,,,2
RL_s09 - Viscount 4 game 17,2026-07-22,Cooper,156,Kelern,122,,,,,2
RL_s09 - Viscount 7 game 4,2026-07-22,Michal_Kossakowski,143,martinxjames,115,,,,,2
RL_s09 - Viscount 9 game 17,2026-07-22,Panthera,274,javimb89,176,,,,,2
RL_s09 - Baron 15 game 3,2026-07-23,sodalppargkppakee,184,vgiannog,128,,,,,2
RL_s09 - Baron 16 game 3,2026-07-23,MajorGaz,137,RoboKay314,134,,,,,2
RL_s09 - Baron 20 game 22,2026-07-23,Lammoth,208,Dienekes,138,,,,,2
RL_s09 - Baron 21 game 26,2026-07-23,Impr,171,Likas11,167,,,,,2
RL_s09 - Baron 4 game 11,2026-07-23,FireBones,143,maciek,135,,,,,2
RL_s09 - Baron 7 game 22,2026-07-23,nolucknoskill,244,baggioka,160,,,,,2
RL_s09 - Duke 2 game 11,2026-07-23,SwaulgustusCaesar,240,GerisNezus,234,,,,,2
RL_s09 - Duke 2 game 22,2026-07-23,Gutemetralla,118,zcx,83,,,,,2
RL_s09 - Duke 3 game 4,2026-07-23,Kroplasowy,188,Gagic,179,,,,,2
RL_s09 - Knight 1 game 22,2026-07-23,Rebel_Rebs,195,Shiffdog,165,,,,,2
RL_s09 - Knight 2 game 4,2026-07-23,Dunketelin,207,Redda,183,,,,,2
RL_s09 - Marquess 2 game 11,2026-07-23,Masox,215,Vortex1612,178,,,,,2
RL_s09 - Marquess 3 game 8,2026-07-23,DarKStyle,211,ERock37,189,,,,,2
RL_s09 - Marquess 4 game 11,2026-07-23,llsgnm,180,MurphyAKL,135,,,,,2
RL_s09 - Prince 1 game 22,2026-07-23,Dantes,199,Majondor,195,,,,,2
RL_s09 - Prince 2 game 17,2026-07-23,Pitor,137,CaesarSalah,108,,,,,2
RL_s09 - Viscount 1 game 4,2026-07-23,jonzewiespike,181,xeveli,141,,,,,2
RL_s09 - Viscount 7 game 11,2026-07-23,saiggo16,295,Sarek,289,,,,,2
RL_s09 - Viscount 9 game 4,2026-07-23,Jerry2017,228,rabalder,182,,,,,2
RL_s09 - Baron 13 game 4,2026-07-24,Izayoi,171,OrionAlpha,148,,,,,2
RL_s09 - Baron 19 game 22,2026-07-24,chris223,228,InGodWeTrust,188,,,,,2
RL_s09 - Baron 2 game 22,2026-07-24,JohnnyMac,108,HRG,100,,,,,2
RL_s09 - Baron 3 game 2,2026-07-24,Nitrosaurus24,140,V.Lustig,127,,,,,2
RL_s09 - Baron 6 game 25,2026-07-24,joniboni,149,pj79,126,,,,,2
RL_s09 - Baron 7 game 17,2026-07-24,greyshade,182,Franzy,114,,,,,2
RL_s09 - Count 6 game 3,2026-07-24,MindKillazz,151,Padishar,130,,,,,2
RL_s09 - Count 7 game 11,2026-07-24,snakilan,192,gamblerch,90,,,,,2
RL_s09 - Count 8 game 11,2026-07-24,lhrljr,153,GoblinMatron,47,,,,,2
RL_s09 - Knight 2 game 8,2026-07-24,Monik,97,Icarium,44,,,,,2
RL_s09 - Marquess 3 game 17,2026-07-24,ysiad,188,DarKStyle,133,,,,,2
RL_s09 - Marquess 3 game 25,2026-07-24,eggmancs,176,raist,156,,,,,2
RL_s09 - Marquess 5 game 26,2026-07-24,Notbot66,165,FenPlays,122,,,,,2
RL_s09 - Prince 1 game 26,2026-07-24,dellcan,198,Arcee,151,,,,,2
RL_s09 - Viscount 11 game 17,2026-07-24,Graypilgrim,273,Rasputin,216,,,,,2
RL_s09 - Viscount 12 game 11,2026-07-24,Kejml,244,Ddafaith,178,,,,,2
RL_s09 - Viscount 13 game 17,2026-07-24,Pavnco,191,Pshemo,169,,,,,2
RL_s09 - Viscount 13 game 22,2026-07-24,St-Amadeus,153,SeanHandley,121,,,,,2
RL_s09 - Viscount 4 game 11,2026-07-24,Kimmo,183,Depp,162,,,,,2
RL_s09 - Viscount 4 game 4,2026-07-24,DieKrake89,193,jjk,192,,,,,2
RL_s09 - Viscount 6 game 11,2026-07-24,ShPini,168,abobey,134,,,,,2
RL_s09 - Viscount 9 game 22,2026-07-24,ChampDeGlace,174,joecackler,119,,,,,2
RL_s09 - Baron 10 game 17,2026-07-25,bobcatbob,179,ClaridadNocturna,163,,,,,2
RL_s09 - Baron 16 game 17,2026-07-25,brumynut,143,MarcoM,140,,,,,2
RL_s09 - Baron 18 game 11,2026-07-25,Vegeta4791,155,omoi,86,,,,,2
RL_s09 - Baron 18 game 18,2026-07-25,Dubz,276,NateHiggersonJR,224,,,,,2
RL_s09 - Baron 19 game 17,2026-07-25,Netrom,301,Modiarty,-5,,,,,2
RL_s09 - Baron 20 game 17,2026-07-25,Polldrake,179,tiffelvet,168,,,,,2
RL_s09 - Baron 5 game 11,2026-07-25,Kivok,164,Izio,128,,,,,2
RL_s09 - Count 3 game 11,2026-07-25,JimmyLin,203,TorbenOfHerpes,183,,,,,2
RL_s09 - Count 6 game 22,2026-07-25,MindKillazz,205,vagrantil,132,,,,,2
RL_s09 - Count 7 game 22,2026-07-25,santhosh163,265,sTeVej,231,,,,,2
RL_s09 - Count 8 game 4,2026-07-25,Gelato,198,vbogoev,183,,,,,2
RL_s09 - Knight 1 game 11,2026-07-25,MyriamVanErum,225,Imiter,196,,,,,2
RL_s09 - Marquess 3 game 5,2026-07-25,Flower4,158,poikai2,152,,,,,2
RL_s09 - Marquess 5 game 22,2026-07-25,gabev,54,Sakic19,53,,,,,2
RL_s09 - Viscount 1 game 11,2026-07-25,Zegs,200,Cat12,192,,,,,2
RL_s09 - Viscount 4 game 22,2026-07-25,LeBonus,171,Wennejoekel,164,,,,,2
RL_s09 - Viscount 6 game 17,2026-07-25,Diogenes,182,EugeneB,115,,,,,2
RL_s09 - Viscount 7 game 22,2026-07-25,phoang,213,Terence,206,,,,,2
RL_s09 - Baron 10 game 21,2026-07-26,RiRu,121,bobcatbob,115,,,,,2
RL_s09 - Baron 12 game 25,2026-07-26,hypodg,207,skab12,186,,,,,2
RL_s09 - Baron 12 game 4,2026-07-26,Jochabeth,266,skab12,242,,,,,2
RL_s09 - Baron 13 game 21,2026-07-26,Victory7,211,Captn4wesome,116,,,,,2
RL_s09 - Baron 13 game 22,2026-07-26,Caligulala,204,Captn4wesome,134,,,,,2
RL_s09 - Baron 16 game 10,2026-07-26,Aaronwebber,234,Olunia,208,,,,,2
RL_s09 - Baron 16 game 4,2026-07-26,Aaronwebber,186,RoboKay314,113,,,,,2
RL_s09 - Baron 21 game 11,2026-07-26,Cristiancordeu,175,Impr,38,,,,,2
RL_s09 - Baron 4 game 22,2026-07-26,Vanillehahn,307,Daze,196,,,,,2
RL_s09 - Baron 5 game 17,2026-07-26,Fullynice,186,akira215,162,,,,,2
RL_s09 - Baron 8 game 11,2026-07-26,Tasso,212,Rick80,132,,,,,2
RL_s09 - Baron 9 game 3,2026-07-26,RougeEconomist,99,refs,98,,,,,2
RL_s09 - Count 1 game 17,2026-07-26,cyb3k,103,wartin,-2,,,,,2
RL_s09 - Count 2 game 22,2026-07-26,Firedart,14,M.T,-2,,,,,2
RL_s09 - Count 5 game 4,2026-07-26,Noa1,219,Watlersen,125,,,,,2
RL_s09 - Count 6 game 11,2026-07-26,sergilicious,171,mikemast,145,,,,,2
RL_s09 - Count 8 game 21,2026-07-26,ElKhan,178,Mephist,139,,,,,2
RL_s09 - Duke 1 game 4,2026-07-26,Lander90,238,Praetorianer,225,,,,,2
RL_s09 - Duke 2 game 17,2026-07-26,daimx,207,MrBiz,198,,,,,2
RL_s09 - Emperor game 10,2026-07-26,wolvs,236,Raffaello,188,,,,,2
RL_s09 - Knight 1 game 10,2026-07-26,Saph4ir,156,MyriamVanErum,149,,,,,2
RL_s09 - Knight 3 game 10,2026-07-26,jmcj,151,gutibudoka,132,,,,,2
RL_s09 - Marquess 1 game 10,2026-07-26,richardhell,156,TheKrunk,98,,,,,2
RL_s09 - Marquess 2 game 17,2026-07-26,Shagrat,107,BoatyMcBoatface,81,,,,,2
RL_s09 - Marquess 2 game 5,2026-07-26,Masox,60,ChipsAhoya,-2,,,,,2
RL_s09 - Viscount 12 game 21,2026-07-26,Asperins,154,humanmoves,116,,,,,2
RL_s09 - Viscount 2 game 4,2026-07-26,Caveman90,146,firlefanzer,94,,,,,2
RL_s09 - Viscount 6 game 22,2026-07-26,Sirkopczyk,253,DavidSegoviano,232,,,,,2
RL_s09 - Viscount 6 game 5,2026-07-26,ShPini,175,Tomtomparking,151,,,,,2
RL_s09 - Viscount 7 game 5,2026-07-26,Sarek,214,Michal_Kossakowski,154,,,,,2
RL_s09 - Viscount 8 game 10,2026-07-26,ThePerceptiveGamer,157,EnozamaIV,123,,,,,2
RL_s09 - Baron 1 game 10,2026-07-27,Krex,276,oleKanin,235,,,,,2
RL_s09 - Baron 1 game 21,2026-07-27,Rudiz,140,kabel2,75,,,,,2
RL_s09 - Baron 10 game 18,2026-07-27,comant,231,ClaridadNocturna,212,,,,,2
RL_s09 - Baron 11 game 22,2026-07-27,andykr,190,RJonkers,160,,,,,2
RL_s09 - Baron 12 game 5,2026-07-27,Jochabeth,44,Mister_Pazel,-2,,,,,2
RL_s09 - Baron 14 game 17,2026-07-27,AdumbusPrime,205,Garban7,142,,,,,2
RL_s09 - Baron 17 game 5,2026-07-27,Exile,153,Purplegoo,137,,,,,2
RL_s09 - Baron 18 game 21,2026-07-27,Ekdezel,218,Francesco1812,174,,,,,2
RL_s09 - Baron 19 game 10,2026-07-27,Darkksun,207,tronnemann,202,,,,,2
RL_s09 - Baron 2 game 21,2026-07-27,HRG,114,Vi15So17,66,,,,,2
RL_s09 - Baron 2 game 4,2026-07-27,ArthursDad,228,WraightCZ,128,,,,,2
RL_s09 - Baron 21 game 18,2026-07-27,Marabu8,204,pavelceska,184,,,,,2
RL_s09 - Baron 3 game 22,2026-07-27,CloneFish,193,Dzsabo,162,,,,,2
RL_s09 - Baron 3 game 8,2026-07-27,Nitrosaurus24,234,AnBeLi3v4bLe,143,,,,,2
RL_s09 - Baron 5 game 21,2026-07-27,Fullynice,143,JS619,62,,,,,2
RL_s09 - Baron 5 game 8,2026-07-27,akira215,169,Izio,94,,,,,2
RL_s09 - Baron 6 game 22,2026-07-27,Hampsink,139,pj79,90,,,,,2
RL_s09 - Baron 8 game 18,2026-07-27,silverpaun,126,Sirovec,90,,,,,2
RL_s09 - Baron 9 game 17,2026-07-27,mooscolly,171,Gr33ny,168,,,,,2
RL_s09 - Count 2 game 5,2026-07-27,Sonder.,345,AndriiN,278,,,,,2
RL_s09 - Count 3 game 21,2026-07-27,taltal,209,Agnsild,177,,,,,2
RL_s09 - Count 3 game 8,2026-07-27,TorbenOfHerpes,308,Sunmaster14_LV,224,,,,,2
RL_s09 - Count 4 game 10,2026-07-27,Tasku,265,Jonny125,253,,,,,2
RL_s09 - Count 4 game 4,2026-07-27,xYotsuba,255,Tasku,201,,,,,2
RL_s09 - Count 6 game 10,2026-07-27,sergilicious,122,Barnes,117,,,,,2
RL_s09 - Count 6 game 18,2026-07-27,vagrantil,142,nerficya,133,,,,,2
RL_s09 - Count 7 game 10,2026-07-27,Obinger_Alphons,267,snakilan,217,,,,,2
RL_s09 - Count 7 game 18,2026-07-27,santhosh163,231,Gubbstyv,220,,,,,2
RL_s09 - Count 7 game 26,2026-07-27,Nepgear,270,gamblerch,194,,,,,2
RL_s09 - Duke 3 game 22,2026-07-27,ben0728,255,Momomillion,205,,,,,2
RL_s09 - Duke 3 game 5,2026-07-27,Sellux,224,Gagic,132,,,,,2
RL_s09 - Emperor game 5,2026-07-27,yaop,236,DANeo,206,,,,,2
RL_s09 - King game 17,2026-07-27,Kolo,214,darwinian,200,,,,,2
RL_s09 - King game 21,2026-07-27,Arne,239,darwinian,143,,,,,2
RL_s09 - Knight 3 game 22,2026-07-27,johnboy,96,Largos,69,,,,,2
RL_s09 - Marquess 1 game 5,2026-07-27,tianren4561367,192,kevinsbane,119,,,,,2
RL_s09 - Marquess 4 game 4,2026-07-27,Beebs,157,Dread_84,101,,,,,2
RL_s09 - Marquess 5 game 18,2026-07-27,Sakic19,167,Malakesh,162,,,,,2
RL_s09 - Marquess 5 game 5,2026-07-27,Notbot66,54,tupper,-2,,,,,2
RL_s09 - Prince 1 game 18,2026-07-27,Dantes,191,Rajeev,146,,,,,2
RL_s09 - Prince 2 game 10,2026-07-27,Allfather,194,daggsea,179,,,,,2
RL_s09 - Prince 2 game 5,2026-07-27,Yookie,127,pv4,121,,,,,2
RL_s09 - Viscount 1 game 21,2026-07-27,TheYoungDutch,259,Bizniouf,183,,,,,2
RL_s09 - Viscount 12 game 10,2026-07-27,Kejml,147,docpain,101,,,,,2
RL_s09 - Viscount 13 game 10,2026-07-27,chefung,173,JoopHuizinga,167,,,,,2
RL_s09 - Viscount 4 game 21,2026-07-27,Cooper,183,LeBonus,155,,,,,2
RL_s09 - Viscount 7 game 10,2026-07-27,martinxjames,177,saiggo16,148,,,,,2
RL_s09 - Viscount 7 game 18,2026-07-27,Terence,181,Conzi,73,,,,,2
RL_s09 - Viscount 8 game 5,2026-07-27,BuWu,185,BirdOfPreyyy,173,,,,,2
RL_s09 - Baron 10 game 5,2026-07-28,Crs,158,Tomy_hexaper,133,,,,,2
RL_s09 - Baron 12 game 22,2026-07-28,hypodg,252,Cleveman,229,,,,,2
RL_s09 - Baron 13 game 18,2026-07-28,Caligulala,168,Rob13,81,,,,,2
RL_s09 - Baron 13 game 5,2026-07-28,Izayoi,160,justnomame,93,,,,,2
RL_s09 - Baron 14 game 10,2026-07-28,Andreyko2003,111,clemy,41,,,,,2
RL_s09 - Baron 14 game 5,2026-07-28,tnawrocki,268,Jesaphi,253,,,,,2
RL_s09 - Baron 15 game 10,2026-07-28,mahlerian_shadow,126,Spudman,122,,,,,2
RL_s09 - Baron 17 game 10,2026-07-28,saZmer,66,tysat,-2,,,,,2
RL_s09 - Baron 19 game 5,2026-07-28,SullyWully,226,KTown,168,,,,,2
RL_s09 - Baron 2 game 5,2026-07-28,kaeptnblaubaer,145,WraightCZ,-2,,,,,2
RL_s09 - Baron 20 game 11,2026-07-28,CuJ,130,Larsusvonundzu,128,,,,,2
RL_s09 - Baron 21 game 21,2026-07-28,Likas11,142,z0pfel,141,,,,,2
RL_s09 - Baron 3 game 10,2026-07-28,HumusAmongUs,228,AnBeLi3v4bLe,143,,,,,2
RL_s09 - Baron 3 game 4,2026-07-28,HumusAmongUs,215,V.Lustig,193,,,,,2
RL_s09 - Baron 6 game 21,2026-07-28,Hampsink,162,Bonneville22,161,,,,,2
RL_s09 - Baron 6 game 5,2026-07-28,Csannerud,144,michasz,127,,,,,2
RL_s09 - Baron 7 game 25,2026-07-28,baggioka,163,Amitke,48,,,,,2
RL_s09 - Baron 9 game 11,2026-07-28,Tyrtaios,203,jdtyler7,188,,,,,2
RL_s09 - Count 1 game 10,2026-07-28,belowfox,29,jhutc,-2,,,,,2
RL_s09 - Count 1 game 18,2026-07-28,cyb3k,140,Bathman,124,,,,,2
RL_s09 - Count 1 game 4,2026-07-28,Nostradamus5321,187,jhutc,151,,,,,2
RL_s09 - Count 3 game 10,2026-07-28,Turdle,215,TorbenOfHerpes,181,,,,,2
RL_s09 - Count 5 game 22,2026-07-28,Gudimundi,154,Spartan1337,138,,,,,2
RL_s09 - Count 5 game 25,2026-07-28,Spartan1337,191,Noa1,171,,,,,2
RL_s09 - Count 7 game 17,2026-07-28,Nepgear,241,Gubbstyv,153,,,,,2
RL_s09 - Count 7 game 4,2026-07-28,kenchan,168,Obinger_Alphons,128,,,,,2
RL_s09 - Duke 1 game 18,2026-07-28,holy834,261,MidnightFox,216,,,,,2
RL_s09 - Duke 3 game 10,2026-07-28,Kroplasowy,193,ed_vins,123,,,,,2
RL_s09 - King game 4,2026-07-28,Weidenbaum,213,FirstOfDao,199,,,,,2
RL_s09 - King game 8,2026-07-28,Kolo,144,Vovka,129,,,,,2
RL_s09 - Knight 1 game 17,2026-07-28,vito,266,VladBenez,143,,,,,2
RL_s09 - Knight 2 game 17,2026-07-28,Icarium,119,Claudius74,93,,,,,2
RL_s09 - Knight 2 game 21,2026-07-28,Claudius74,199,MeteorisVulcanus,183,,,,,2
RL_s09 - Knight 3 game 5,2026-07-28,Mitchum,157,metternich,137,,,,,2
RL_s09 - Marquess 1 game 17,2026-07-28,GrandHedgehog,234,drodriguez,142,,,,,2
RL_s09 - Marquess 1 game 21,2026-07-28,GrandHedgehog,50,Muning,-2,,,,,2
RL_s09 - Marquess 3 game 18,2026-07-28,DarKStyle,82,eggmancs,-2,,,,,2
RL_s09 - Marquess 3 game 21,2026-07-28,ysiad,252,roverandom,226,,,,,2
RL_s09 - Marquess 5 game 17,2026-07-28,FenPlays,281,Malakesh,273,,,,,2
RL_s09 - Viscount 1 game 17,2026-07-28,KidCanuck,253,Bizniouf,186,,,,,2
RL_s09 - Viscount 10 game 21,2026-07-28,wolfcub41,218,KubikD,139,,,,,2
RL_s09 - Viscount 13 game 11,2026-07-28,chefung,220,Arkadiussus,186,,,,,2
RL_s09 - Viscount 2 game 22,2026-07-28,Maharaj_JD,84,Kermit19,54,,,,,2
RL_s09 - Viscount 3 game 18,2026-07-28,Michcio,224,Oleksandr,215,,,,,2
RL_s09 - Viscount 3 game 5,2026-07-28,Mike1313,194,petrau77,162,,,,,2
RL_s09 - Viscount 5 game 18,2026-07-28,Sawell,162,tue2k,162,,,,,2
RL_s09 - Viscount 8 game 18,2026-07-28,Pieroz88,240,Quokka,127,,,,,2
RL_s09 - Baron 1 game 18,2026-07-29,Legoman,121,Mammaklaskern,81,,,,,2
RL_s09 - Baron 11 game 21,2026-07-29,bcnoexceptions,210,andykr,83,,,,,2
RL_s09 - Baron 15 game 17,2026-07-29,icepick_mn,211,Mockingbird5,193,,,,,2
RL_s09 - Baron 15 game 22,2026-07-29,sodalppargkppakee,200,DucciEmi,135,,,,,2
RL_s09 - Baron 18 game 4,2026-07-29,verbalg,237,Everex,220,,,,,2
RL_s09 - Baron 20 game 10,2026-07-29,ecec,169,Larsusvonundzu,88,,,,,2
RL_s09 - Baron 20 game 18,2026-07-29,tiffelvet,167,Dienekes,147,,,,,2
RL_s09 - Baron 8 game 21,2026-07-29,anonaki,205,KTMatthews,124,,,,,2
RL_s09 - Baron 8 game 4,2026-07-29,redantx,153,MrGekz,-5,,,,,2
RL_s09 - Baron 8 game 5,2026-07-29,Tasso,136,redantx,108,,,,,2
RL_s09 - Count 8 game 18,2026-07-29,Mario86,150,Daemon3142,124,,,,,2
RL_s09 - Duke 1 game 21,2026-07-29,Bad_Horse,263,Sektat,216,,,,,2
RL_s09 - Knight 1 game 18,2026-07-29,vito,253,Shiffdog,154,,,,,2
RL_s09 - Knight 2 game 5,2026-07-29,Redda,127,BuddhaBoost,-5,,,,,2
RL_s09 - Marquess 2 game 21,2026-07-29,BoatyMcBoatface,189,maunzzz,171,,,,,2
RL_s09 - Prince 1 game 21,2026-07-29,dellcan,258,Majondor,209,,,,,2
RL_s09 - Prince 1 game 4,2026-07-29,Kesterer,161,syras,119,,,,,2
RL_s09 - Prince 2 game 21,2026-07-29,CaesarSalah,220,LittleBob,183,,,,,2
RL_s09 - Viscount 1 game 5,2026-07-29,Zegs,213,jonzewiespike,164,,,,,2
RL_s09 - Viscount 11 game 18,2026-07-29,Kor,132,Rasputin,-2,,,,,2
RL_s09 - Viscount 11 game 21,2026-07-29,t-k-421,177,Graypilgrim,175,,,,,2
RL_s09 - Viscount 3 game 10,2026-07-29,SirDaan,133,Pulpecja,114,,,,,2
RL_s09 - Viscount 4 game 10,2026-07-29,DieKrake89,177,Depp,161,,,,,2
RL_s09 - Viscount 5 game 4,2026-07-29,Kaczas,175,Gabilou,169,,,,,2
RL_s09 - Viscount 6 game 18,2026-07-29,DavidSegoviano,170,EugeneB,111,,,,,2
RL_s09 - Viscount 7 game 21,2026-07-29,phoang,228,Cresspahl,228,,,,,2
RL_s09 - Viscount 9 game 21,2026-07-29,Panthera,281,joecackler,-5,,,,,2
RL_s09 - Baron 12 game 21,2026-07-30,Cleveman,171,Micha501,141,,,,,2
RL_s09 - Baron 13 game 10,2026-07-30,OrionAlpha,145,OodOok,123,,,,,2
RL_s09 - Baron 14 game 18,2026-07-30,AdumbusPrime,162,Moskbnea,63,,,,,2
RL_s09 - Baron 21 game 10,2026-07-30,Cristiancordeu,182,Igelkotten,130,,,,,2
RL_s09 - Baron 7 game 21,2026-07-30,nolucknoskill,166,Franzy,153,,,,,2
RL_s09 - Baron 9 game 18,2026-07-30,etJake,230,mooscolly,150,,,,,2
RL_s09 - Baron 9 game 4,2026-07-30,RougeEconomist,253,Merclaw,166,,,,,2
RL_s09 - Count 1 game 5,2026-07-30,Trond79,262,Nostradamus5321,184,,,,,2
RL_s09 - Count 3 game 17,2026-07-30,Sunmaster14_LV,189,taltal,71,,,,,2
RL_s09 - Duke 1 game 5,2026-07-30,Doobie,157,Lander90,147,,,,,2
RL_s09 - Emperor game 18,2026-07-30,Grozz,209,Martin_Pecheur,180,,,,,2
RL_s09 - Knight 2 game 10,2026-07-30,Monik,210,Dunketelin,68,,,,,2
RL_s09 - Marquess 5 game 10,2026-07-30,Gyphon,132,CrownKiller,92,,,,,2
RL_s09 - Marquess 5 game 4,2026-07-30,CrownKiller,335,tupper,316,,,,,2
RL_s09 - Prince 2 game 18,2026-07-30,Pitor,167,Dazzy,99,,,,,2
RL_s09 - Viscount 10 game 5,2026-07-30,Gandy,88,DonStino,-2,,,,,2
RL_s09 - Viscount 11 game 10,2026-07-30,SafeT,172,MBlueMan,147,,,,,2
RL_s09 - Viscount 13 game 5,2026-07-30,Arkadiussus,186,J-dog,105,,,,,2
RL_s09 - Viscount 2 game 11,2026-07-30,ChunkySam,221,kev5047,123,,,,,2
RL_s09 - Viscount 2 game 21,2026-07-30,FlyGon,261,Maharaj_JD,196,,,,,2
RL_s09 - Viscount 5 game 10,2026-07-30,Proteus,200,Kaczas,184,,,,,2
RL_s09 - Viscount 6 game 21,2026-07-30,Diogenes,225,Sirkopczyk,167,,,,,2
RL_s09 - Baron 11 game 18,2026-07-31,Cromlech,134,RJonkers,88,,,,,2
RL_s09 - Baron 4 game 10,2026-07-31,FireBones,187,migoet,177,,,,,2
RL_s09 - Baron 4 game 21,2026-07-31,Vanillehahn,212,Froggy42,162,,,,,2
RL_s09 - Baron 9 game 21,2026-07-31,refs,218,Gr33ny,161,,,,,2
RL_s09 - Count 2 game 10,2026-07-31,Bull3,187,Saerleon,145,,,,,2
RL_s09 - Count 2 game 21,2026-07-31,StonedHenge420,143,Firedart,108,,,,,2
RL_s09 - Duke 2 game 3,2026-07-31,Unterjochen,260,Gutemetralla,195,,,,,2
RL_s09 - Duke 2 game 4,2026-07-31,Unterjochen,224,Cogito3,135,,,,,2
RL_s09 - Emperor game 17,2026-07-31,saru,230,Grozz,217,,,,,2
RL_s09 - Knight 3 game 21,2026-07-31,Jume,62,Largos,-5,,,,,2
RL_s09 - Marquess 1 game 18,2026-07-31,flutter,168,drodriguez,161,,,,,2
RL_s09 - Marquess 4 game 10,2026-07-31,Dread_84,203,MurphyAKL,158,,,,,2
RL_s09 - Marquess 4 game 18,2026-07-31,jantteri,245,Vangelisb,219,,,,,2
RL_s09 - Marquess 4 game 21,2026-07-31,HeirOfValyria,161,Dayvs,140,,,,,2
RL_s09 - Marquess 4 game 22,2026-07-31,HeirOfValyria,256,Vangelisb,207,,,,,2
RL_s09 - Prince 1 game 8,2026-07-31,Drikhen,182,Rajeev,168,,,,,2
RL_s09 - Viscount 12 game 18,2026-07-31,Spence2102,334,SKJaCaRD,232,,,,,2
RL_s09 - Viscount 13 game 18,2026-07-31,Pavnco,138,St-Amadeus,136,,,,,2
RL_s09 - Viscount 13 game 21,2026-07-31,SeanHandley,166,Pshemo,103,,,,,2
RL_s09 - Viscount 2 game 10,2026-07-31,Caveman90,106,kev5047,-2,,,,,2
RL_s09 - Viscount 3 game 22,2026-07-31,pdx,171,Michcio,166,,,,,2
RL_s09 - Viscount 4 game 18,2026-07-31,Wennejoekel,155,Kelern,144,,,,,2
RL_s09 - Viscount 4 game 5,2026-07-31,Kimmo,55,jjk,-2,,,,,2
RL_s09 - Viscount 9 game 18,2026-07-31,javimb89,210,ChampDeGlace,121,,,,,2
RL_s09 - Baron 11 game 10,2026-08-01,Gympanse,197,amadeo,166,,,,,2
RL_s09 - Baron 19 game 18,2026-08-01,Netrom,227,InGodWeTrust,201,,,,,2
RL_s09 - Baron 19 game 21,2026-08-01,chris223,202,Modiarty,168,,,,,2
RL_s09 - Baron 2 game 18,2026-08-01,JohnnyMac,67,collace,-2,,,,,2
RL_s09 - Baron 2 game 20,2026-08-01,kaeptnblaubaer,139,HRG,137,,,,,2
RL_s09 - Baron 21 game 20,2026-08-01,Impr,184,z0pfel,179,,,,,2
RL_s09 - Baron 5 game 5,2026-08-01,Wiktor,191,Kivok,161,,,,,2
RL_s09 - Baron 7 game 4,2026-08-01,Amitke,205,Ioannis3,162,,,,,2
RL_s09 - Baron 9 game 10,2026-08-01,Merclaw,219,jdtyler7,202,,,,,2
RL_s09 - Count 4 game 18,2026-08-01,bryanckh,147,aivin,69,,,,,2
RL_s09 - Count 5 game 11,2026-08-01,Garlett,322,Hotti180,193,,,,,2
RL_s09 - Count 7 game 13,2026-08-01,santhosh163,193,snakilan,181,,,,,2
RL_s09 - Duke 2 game 5,2026-08-01,Unterjochen,118,GerisNezus,114,,,,,2
RL_s09 - King game 20,2026-08-01,Arne,180,RestlessMe,118,,,,,2
RL_s09 - King game 5,2026-08-01,RestlessMe,220,FirstOfDao,220,,,,,2
RL_s09 - Prince 1 game 6,2026-08-01,dellcan,37,Kesterer,-2,,,,,2
RL_s09 - Prince 2 game 15,2026-08-01,Pitor,172,Allfather,139,,,,,2
RL_s09 - Viscount 1 game 18,2026-08-01,KidCanuck,226,henrymerrivale,192,,,,,2
RL_s09 - Viscount 10 game 18,2026-08-01,LeonidasI,135,IpaStian,54,,,,,2
RL_s09 - Viscount 13 game 15,2026-08-01,Pavnco,164,JoopHuizinga,129,,,,,2
RL_s09 - Viscount 7 game 6,2026-08-01,Michal_Kossakowski,187,Cresspahl,150,,,,,2
RL_s09 - Viscount 8 game 13,2026-08-01,Pieroz88,253,ThePerceptiveGamer,221,,,,,2
RL_s09 - Viscount 9 game 10,2026-08-01,rabalder,188,CRocky,177,,,,,2
RL_s09 - Viscount 9 game 11,2026-08-01,CRocky,150,TheElk,136,,,,,2
RL_s09 - Baron 10 game 6,2026-08-02,Tomy_hexaper,159,bobcatbob,130,,,,,2
RL_s09 - Baron 11 game 15,2026-08-02,Gympanse,224,Cromlech,220,,,,,2
RL_s09 - Baron 12 game 10,2026-08-02,skab12,147,TeriyakiJaccuzi,113,,,,,2
RL_s09 - Baron 12 game 18,2026-08-02,hypodg,236,Archangel,101,,,,,2
RL_s09 - Baron 15 game 18,2026-08-02,DucciEmi,213,icepick_mn,187,,,,,2
RL_s09 - Baron 18 game 5,2026-08-02,verbalg,209,omoi,167,,,,,2
RL_s09 - Baron 18 game 6,2026-08-02,verbalg,148,Francesco1812,132,,,,,2
RL_s09 - Baron 2 game 6,2026-08-02,Vi15So17,105,WraightCZ,71,,,,,2
RL_s09 - Baron 20 game 15,2026-08-02,ecec,152,tiffelvet,124,,,,,2
RL_s09 - Baron 4 game 15,2026-08-02,tjreasoner,179,migoet,145,,,,,2
RL_s09 - Baron 4 game 18,2026-08-02,tjreasoner,143,Daze,-2,,,,,2
RL_s09 - Baron 5 game 20,2026-08-02,Kivok,225,JS619,178,,,,,2
RL_s09 - Baron 6 game 10,2026-08-02,sirlenon,142,joniboni,-5,,,,,2
RL_s09 - Baron 6 game 18,2026-08-02,scaggi,353,pj79,210,,,,,2
RL_s09 - Baron 6 game 6,2026-08-02,michasz,205,Bonneville22,157,,,,,2
RL_s09 - Count 2 game 18,2026-08-02,condemor,214,M.T,158,,,,,2
RL_s09 - Count 3 game 5,2026-08-02,Garghiii,164,JimmyLin,152,,,,,2
RL_s09 - Count 4 game 13,2026-08-02,aivin,185,Jonny125,128,,,,,2
RL_s09 - Count 4 game 5,2026-08-02,Herdeksunek,86,xYotsuba,-2,,,,,2
RL_s09 - Count 6 game 15,2026-08-02,nerficya,250,Barnes,218,,,,,2
RL_s09 - Count 8 game 10,2026-08-02,lhrljr,170,vbogoev,126,,,,,2
RL_s09 - Duke 2 game 18,2026-08-02,zcx,74,daimx,-2,,,,,2
RL_s09 - Emperor game 13,2026-08-02,Martin_Pecheur,282,Raffaello,235,,,,,2
RL_s09 - Emperor game 20,2026-08-02,DANeo,249,Gilgamesh2,219,,,,,2
RL_s09 - Knight 3 game 6,2026-08-02,Mitchum,101,Jume,70,,,,,2
RL_s09 - Marquess 2 game 10,2026-08-02,Vortex1612,171,fathope,111,,,,,2
RL_s09 - Marquess 2 game 6,2026-08-02,BoatyMcBoatface,132,ChipsAhoya,87,,,,,2
RL_s09 - Prince 2 game 20,2026-08-02,Yookie,132,LittleBob,124,,,,,2
RL_s09 - Viscount 1 game 20,2026-08-02,TheYoungDutch,176,Zegs,117,,,,,2
RL_s09 - Viscount 10 game 20,2026-08-02,Gandy,243,KubikD,196,,,,,2
RL_s09 - Viscount 2 game 5,2026-08-02,ChunkySam,174,firlefanzer,171,,,,,2
RL_s09 - Viscount 3 game 6,2026-08-02,petrau77,254,wittr,213,,,,,2
RL_s09 - Viscount 4 game 6,2026-08-02,Cooper,49,jjk,-5,,,,,2
RL_s09 - Viscount 5 game 21,2026-08-02,Prashanth,219,northlynx,160,,,,,2
RL_s09 - Viscount 6 game 10,2026-08-02,Silvester,297,abobey,134,,,,,2
RL_s09 - Viscount 6 game 15,2026-08-02,Silvester,217,EugeneB,125,,,,,2
RL_s09 - Viscount 7 game 15,2026-08-02,martinxjames,182,Conzi,170,,,,,2
RL_s09 - Viscount 8 game 6,2026-08-02,Nightvayne,140,BirdOfPreyyy,130,,,,,2
RL_s09 - Baron 1 game 13,2026-08-03,Mammaklaskern,169,oleKanin,167,,,,,2
RL_s09 - Baron 12 game 6,2026-08-03,Micha501,237,Jochabeth,199,,,,,2
RL_s09 - Baron 13 game 13,2026-08-03,Caligulala,217,OodOok,118,,,,,2
RL_s09 - Baron 14 game 21,2026-08-03,Bergen,219,Garban7,205,,,,,2
RL_s09 - Baron 15 game 13,2026-08-03,mahlerian_shadow,246,DucciEmi,244,,,,,2
RL_s09 - Baron 16 game 15,2026-08-03,brumynut,212,Aaronwebber,200,,,,,2
RL_s09 - Baron 16 game 21,2026-08-03,MajorGaz,234,MarcoM,211,,,,,2
RL_s09 - Baron 18 game 13,2026-08-03,NateHiggersonJR,180,Vegeta4791,105,,,,,2
RL_s09 - Baron 19 game 13,2026-08-03,tronnemann,203,InGodWeTrust,172,,,,,2
RL_s09 - Baron 21 game 15,2026-08-03,pavelceska,198,Igelkotten,123,,,,,2
RL_s09 - Baron 21 game 5,2026-08-03,Impr,165,Jmstoic,114,,,,,2
RL_s09 - Baron 3 game 17,2026-08-03,HolyOutlaw,207,Nitrosaurus24,152,,,,,2
RL_s09 - Baron 3 game 20,2026-08-03,CloneFish,200,ZioKhan,168,,,,,2
RL_s09 - Baron 4 game 20,2026-08-03,Vanillehahn,237,maciek,117,,,,,2
RL_s09 - Baron 4 game 5,2026-08-03,BGTigger,171,maciek,167,,,,,2
RL_s09 - Baron 6 game 20,2026-08-03,Csannerud,240,Hampsink,135,,,,,2
RL_s09 - Baron 7 game 10,2026-08-03,Amitke,196,zackg,185,,,,,2
RL_s09 - Baron 7 game 20,2026-08-03,nolucknoskill,162,irule,83,,,,,2
RL_s09 - Baron 7 game 5,2026-08-03,Ioannis3,211,irule,155,,,,,2
RL_s09 - Baron 8 game 6,2026-08-03,redantx,183,KTMatthews,143,,,,,2
RL_s09 - Count 2 game 15,2026-08-03,condemor,199,Bull3,152,,,,,2
RL_s09 - Count 2 game 6,2026-08-03,StonedHenge420,185,AndriiN,181,,,,,2
RL_s09 - Count 4 game 15,2026-08-03,bryanckh,251,Tasku,130,,,,,2
RL_s09 - Count 4 game 20,2026-08-03,schwam,181,Herdeksunek,170,,,,,2
RL_s09 - Count 5 game 21,2026-08-03,theussner79,149,Gudimundi,136,,,,,2
RL_s09 - Count 5 game 6,2026-08-03,Watlersen,180,theussner79,169,,,,,2
RL_s09 - Count 6 game 13,2026-08-03,sergilicious,185,vagrantil,153,,,,,2
RL_s09 - Count 7 game 5,2026-08-03,kenchan,211,gamblerch,137,,,,,2
RL_s09 - Count 8 game 6,2026-08-03,ElKhan,162,Gelato,154,,,,,2
RL_s09 - Duke 1 game 20,2026-08-03,Doobie,168,Sektat,138,,,,,2
RL_s09 - Duke 1 game 6,2026-08-03,Bad_Horse,324,Lander90,289,,,,,2
RL_s09 - Duke 2 game 10,2026-08-03,Cogito3,295,SwaulgustusCaesar,267,,,,,2
RL_s09 - Duke 2 game 21,2026-08-03,MrBiz,247,Gutemetralla,201,,,,,2
RL_s09 - Duke 3 game 20,2026-08-03,ben0728,180,Sellux,128,,,,,2
RL_s09 - Emperor game 15,2026-08-03,wolvs,223,Grozz,195,,,,,2
RL_s09 - Knight 1 game 15,2026-08-03,vito,124,Saph4ir,101,,,,,2
RL_s09 - Knight 2 game 18,2026-08-03,Bookhouseboy,147,Icarium,75,,,,,2
RL_s09 - Marquess 1 game 15,2026-08-03,drodriguez,159,richardhell,150,,,,,2
RL_s09 - Marquess 1 game 6,2026-08-03,tianren4561367,141,GrandHedgehog,118,,,,,2
RL_s09 - Marquess 3 game 6,2026-08-03,ysiad,169,poikai2,96,,,,,2
RL_s09 - Viscount 10 game 6,2026-08-03,wolfcub41,158,DonStino,87,,,,,2
RL_s09 - Viscount 12 game 13,2026-08-03,Kejml,194,Spence2102,187,,,,,2
RL_s09 - Viscount 12 game 15,2026-08-03,docpain,196,SKJaCaRD,134,,,,,2
RL_s09 - Viscount 12 game 5,2026-08-03,Ddafaith,239,PacoHolliday,184,,,,,2
RL_s09 - Viscount 2 game 15,2026-08-03,jacksonray,155,Caveman90,155,,,,,2
RL_s09 - Viscount 3 game 21,2026-08-03,wittr,216,pdx,172,,,,,2
RL_s09 - Viscount 5 game 5,2026-08-03,Darain,175,Gabilou,132,,,,,2
RL_s09 - Viscount 6 game 20,2026-08-03,Sirkopczyk,157,ShPini,138,,,,,2
RL_s09 - Baron 10 game 20,2026-08-04,RiRu,157,Crs,135,,,,,2
RL_s09 - Baron 13 game 6,2026-08-04,Victory7,164,Izayoi,116,,,,,2
RL_s09 - Baron 14 game 13,2026-08-04,Andreyko2003,202,Moskbnea,109,,,,,2
RL_s09 - Baron 14 game 20,2026-08-04,tnawrocki,242,Bergen,222,,,,,2
RL_s09 - Baron 16 game 20,2026-08-04,MajorGaz,129,Alfonsillo,110,,,,,2
RL_s09 - Baron 19 game 20,2026-08-04,chris223,160,SullyWully,153,,,,,2
RL_s09 - Baron 20 game 21,2026-08-04,Lammoth,222,Polldrake,144,,,,,2
RL_s09 - Baron 20 game 5,2026-08-04,McNulty,234,CuJ,148,,,,,2
RL_s09 - Baron 3 game 21,2026-08-04,CloneFish,179,HolyOutlaw,145,,,,,2
RL_s09 - Count 1 game 13,2026-08-04,belowfox,118,Bathman,-2,,,,,2
RL_s09 - Count 1 game 15,2026-08-04,jhutc,138,cyb3k,115,,,,,2
RL_s09 - Count 1 game 21,2026-08-04,guppyfry,190,wartin,137,,,,,2
RL_s09 - Count 2 game 20,2026-08-04,Sonder.,180,Firedart,169,,,,,2
RL_s09 - Count 3 game 13,2026-08-04,lol1,191,TorbenOfHerpes,151,,,,,2
RL_s09 - Count 3 game 18,2026-08-04,Sunmaster14_LV,248,lol1,210,,,,,2
RL_s09 - Count 3 game 20,2026-08-04,Agnsild,168,JimmyLin,140,,,,,2
RL_s09 - Count 8 game 5,2026-08-04,GoblinMatron,99,Gelato,-2,,,,,2
RL_s09 - Duke 3 game 13,2026-08-04,Momomillion,183,ed_vins,161,,,,,2
RL_s09 - Knight 1 game 5,2026-08-04,luckrider,117,Imiter,97,,,,,2
RL_s09 - Knight 3 game 18,2026-08-04,johnboy,138,Kruch,38,,,,,2
RL_s09 - Marquess 2 game 20,2026-08-04,Masox,219,maunzzz,187,,,,,2
RL_s09 - Marquess 3 game 10,2026-08-04,ERock37,137,raist,135,,,,,2
RL_s09 - Marquess 3 game 20,2026-08-04,roverandom,76,Flower4,-2,,,,,2
RL_s09 - Prince 2 game 13,2026-08-04,daggsea,58,Dazzy,-2,,,,,2
RL_s09 - Viscount 11 game 5,2026-08-04,sms18004,212,Pudroe,188,,,,,2
RL_s09 - Viscount 12 game 6,2026-08-04,Asperins,227,PacoHolliday,154,,,,,2
RL_s09 - Viscount 3 game 13,2026-08-04,Michcio,150,Pulpecja,133,,,,,2
RL_s09 - Viscount 3 game 15,2026-08-04,Oleksandr,152,SirDaan,139,,,,,2
RL_s09 - Viscount 5 game 15,2026-08-04,tue2k,240,Kaczas,-5,,,,,2
RL_s09 - Viscount 8 game 15,2026-08-04,Quokka,148,EnozamaIV,100,,,,,2
RL_s09 - Viscount 9 game 15,2026-08-04,rabalder,240,javimb89,211,,,,,2
RL_s09 - Baron 1 game 20,2026-08-05,LordTheodore,170,kabel2,77,,,,,2
RL_s09 - Baron 10 game 15,2026-08-05,ClaridadNocturna,138,IrenaX,125,,,,,2
RL_s09 - Baron 13 game 15,2026-08-05,OrionAlpha,176,Rob13,125,,,,,2
RL_s09 - Baron 15 game 6,2026-08-05,vgiannog,215,Mockingbird5,187,,,,,2
RL_s09 - Baron 16 game 5,2026-08-05,Alfonsillo,279,RoboKay314,169,,,,,2
RL_s09 - Baron 17 game 17,2026-08-05,Sathran,234,Sopelek,185,,,,,2
RL_s09 - Baron 17 game 20,2026-08-05,Purplegoo,42,Dimitris,-2,,,,,2
RL_s09 - Baron 18 game 10,2026-08-05,Vegeta4791,155,Everex,140,,,,,2
RL_s09 - Baron 19 game 6,2026-08-05,Modiarty,237,KTown,87,,,,,2
RL_s09 - Baron 20 game 6,2026-08-05,McNulty,236,Polldrake,132,,,,,2
RL_s09 - Baron 5 game 18,2026-08-05,akira215,122,luigino71,44,,,,,2
RL_s09 - Baron 7 game 18,2026-08-05,greyshade,87,baggioka,77,,,,,2
RL_s09 - Count 5 game 5,2026-08-05,Garlett,154,Watlersen,116,,,,,2
RL_s09 - Count 6 game 6,2026-08-05,xiaoduan,44,Padishar,-2,,,,,2
RL_s09 - Duke 2 game 13,2026-08-05,zcx,159,SwaulgustusCaesar,97,,,,,2
RL_s09 - Duke 3 game 15,2026-08-05,Kroplasowy,165,Icallhimtest,158,,,,,2
RL_s09 - Duke 3 game 21,2026-08-05,ben0728,312,BlixLT,203,,,,,2
RL_s09 - King game 18,2026-08-05,mwi,265,Kolo,233,,,,,2
RL_s09 - Knight 2 game 20,2026-08-05,MeteorisVulcanus,35,BuddhaBoost,-2,,,,,2
RL_s09 - Knight 3 game 20,2026-08-05,Largos,287,metternich,121,,,,,2
RL_s09 - Marquess 1 game 20,2026-08-05,Muning,228,kevinsbane,200,,,,,2
RL_s09 - Marquess 2 game 18,2026-08-05,Shagrat,276,Adamez,256,,,,,2
RL_s09 - Marquess 4 game 15,2026-08-05,jantteri,196,Dread_84,105,,,,,2
RL_s09 - Marquess 4 game 5,2026-08-05,llsgnm,198,Beebs,124,,,,,2
RL_s09 - Marquess 5 game 13,2026-08-05,Sakic19,95,Gyphon,-2,,,,,2
RL_s09 - Prince 1 game 11,2026-08-05,Arcee,134,Drikhen,132,,,,,2
RL_s09 - Prince 1 game 5,2026-08-05,Kesterer,128,Arcee,97,,,,,2
RL_s09 - Viscount 4 game 20,2026-08-05,Kimmo,262,LeBonus,85,,,,,2
RL_s09 - Viscount 7 game 13,2026-08-05,saiggo16,224,Terence,187,,,,,2
RL_s09 - Baron 14 game 15,2026-08-06,clemy,220,AdumbusPrime,216,,,,,2
RL_s09 - Baron 15 game 21,2026-08-06,sodalppargkppakee,187,Mockingbird5,140,,,,,2
RL_s09 - Baron 17 game 22,2026-08-06,FrenkDeTank,362,Dimitris,288,,,,,2
RL_s09 - Baron 19 game 15,2026-08-06,Darkksun,138,Netrom,89,,,,,2
RL_s09 - Baron 20 game 13,2026-08-06,Dienekes,119,Larsusvonundzu,108,,,,,2
RL_s09 - Baron 3 game 5,2026-08-06,ZioKhan,38,V.Lustig,-2,,,,,2
RL_s09 - Baron 6 game 13,2026-08-06,pj79,174,sirlenon,-5,,,,,2
RL_s09 - Baron 8 game 13,2026-08-06,Rick80,170,silverpaun,100,,,,,2
RL_s09 - Count 5 game 15,2026-08-06,Rolls.Royal,102,Noa1,-5,,,,,2
RL_s09 - Count 5 game 18,2026-08-06,Spartan1337,179,Rolls.Royal,128,,,,,2
RL_s09 - Count 6 game 21,2026-08-06,xiaoduan,166,MindKillazz,118,,,,,2
RL_s09 - Count 6 game 5,2026-08-06,Padishar,202,mikemast,155,,,,,2
RL_s09 - Count 8 game 13,2026-08-06,lhrljr,133,Daemon3142,83,,,,,2
RL_s09 - Duke 1 game 13,2026-08-06,NFGM,252,MidnightFox,166,,,,,2
RL_s09 - Duke 3 game 18,2026-08-06,Icallhimtest,234,Momomillion,140,,,,,2
RL_s09 - Duke 3 game 6,2026-08-06,BlixLT,226,Gagic,166,,,,,2
RL_s09 - Emperor game 21,2026-08-06,Gilgamesh2,177,saru,155,,,,,2
RL_s09 - King game 6,2026-08-06,darwinian,291,FirstOfDao,266,,,,,2
RL_s09 - Knight 1 game 13,2026-08-06,Shiffdog,165,MyriamVanErum,156,,,,,2
RL_s09 - Marquess 1 game 13,2026-08-06,TheKrunk,160,flutter,149,,,,,2
RL_s09 - Prince 2 game 6,2026-08-06,pv4,190,CaesarSalah,158,,,,,2
RL_s09 - Viscount 1 game 10,2026-08-06,Cat12,129,xeveli,115,,,,,2
RL_s09 - Viscount 1 game 13,2026-08-06,henrymerrivale,163,Cat12,156,,,,,2
RL_s09 - Viscount 11 game 13,2026-08-06,Kor,191,MBlueMan,152,,,,,2
RL_s09 - Viscount 2 game 20,2026-08-06,ChunkySam,211,Maharaj_JD,169,,,,,2
RL_s09 - Viscount 4 game 13,2026-08-06,Depp,201,Wennejoekel,156,,,,,2
RL_s09 - Viscount 4 game 15,2026-08-06,DieKrake89,161,Kelern,145,,,,,2
RL_s09 - Viscount 5 game 13,2026-08-06,Sawell,155,Proteus,135,,,,,2
RL_s09 - Viscount 7 game 20,2026-08-06,Sarek,224,phoang,177,,,,,2
RL_s09 - Viscount 9 game 6,2026-08-06,Jerry2017,279,Panthera,270,,,,,2
RL_s09 - Baron 13 game 20,2026-08-07,justnomame,236,Captn4wesome,161,,,,,2
RL_s09 - Baron 17 game 6,2026-08-07,Exile,247,Sopelek,172,,,,,2
RL_s09 - Baron 18 game 15,2026-08-07,Dubz,48,Everex,-2,,,,,2
RL_s09 - Baron 2 game 15,2026-08-07,ArthursDad,204,collace,179,,,,,2
RL_s09 - Baron 5 game 10,2026-08-07,Izio,178,JoshyWiggins,155,,,,,2
RL_s09 - Baron 5 game 6,2026-08-07,Wiktor,182,Fullynice,175,,,,,2
RL_s09 - Baron 8 game 20,2026-08-07,anonaki,99,Tasso,77,,,,,2
RL_s09 - Baron 9 game 13,2026-08-07,etJake,269,jdtyler7,225,,,,,2
RL_s09 - Baron 9 game 15,2026-08-07,Merclaw,198,mooscolly,149,,,,,2
RL_s09 - Count 1 game 20,2026-08-07,Trond79,180,guppyfry,91,,,,,2
RL_s09 - Count 3 game 6,2026-08-07,taltal,166,Garghiii,128,,,,,2
RL_s09 - Count 8 game 15,2026-08-07,vbogoev,111,Mario86,106,,,,,2
RL_s09 - Duke 1 game 10,2026-08-07,NFGM,168,Praetorianer,165,,,,,2
RL_s09 - Emperor game 6,2026-08-07,saru,163,yaop,114,,,,,2
RL_s09 - Knight 3 game 13,2026-08-07,jmcj,124,johnboy,72,,,,,2
RL_s09 - Marquess 3 game 13,2026-08-07,ERock37,181,eggmancs,156,,,,,2
RL_s09 - Viscount 10 game 13,2026-08-07,LeonidasI,275,nattee,197,,,,,2
RL_s09 - Viscount 11 game 20,2026-08-07,Pudroe,157,t-k-421,130,,,,,2
RL_s09 - Viscount 12 game 20,2026-08-07,Ddafaith,327,humanmoves,273,,,,,2
RL_s09 - Viscount 13 game 13,2026-08-07,St-Amadeus,226,chefung,182,,,,,2
RL_s09 - Viscount 13 game 6,2026-08-07,Pshemo,163,J-dog,101,,,,,2
RL_s09 - Viscount 9 game 13,2026-08-07,CRocky,264,ChampDeGlace,247,,,,,2
RL_s09 - Baron 1 game 15,2026-08-08,Legoman,195,Krex,108,,,,,2
RL_s09 - Baron 12 game 15,2026-08-08,skab12,152,Archangel,91,,,,,2
RL_s09 - Baron 12 game 16,2026-08-08,Archangel,77,Mister_Pazel,-2,,,,,2
RL_s09 - Baron 12 game 20,2026-08-08,Mister_Pazel,254,Cleveman,237,,,,,2
RL_s09 - Baron 2 game 10,2026-08-08,ArthursDad,28,BitterBlossom,-2,,,,,2
RL_s09 - Baron 2 game 16,2026-08-08,kaeptnblaubaer,122,collace,116,,,,,2
RL_s09 - Baron 21 game 13,2026-08-08,Marabu8,227,Cristiancordeu,186,,,,,2
RL_s09 - Baron 21 game 19,2026-08-08,z0pfel,204,Igelkotten,181,,,,,2
RL_s09 - Baron 4 game 6,2026-08-08,Froggy42,163,BGTigger,142,,,,,2
RL_s09 - Baron 6 game 15,2026-08-08,scaggi,120,joniboni,92,,,,,2
RL_s09 - Baron 7 game 13,2026-08-08,baggioka,162,zackg,87,,,,,2
RL_s09 - Baron 7 game 15,2026-08-08,Amitke,183,greyshade,148,,,,,2
RL_s09 - Baron 9 game 20,2026-08-08,refs,194,Tyrtaios,178,,,,,2
RL_s09 - Count 2 game 16,2026-08-08,Sonder.,244,condemor,236,,,,,2
RL_s09 - Count 3 game 19,2026-08-08,Turdle,166,Agnsild,165,,,,,2
RL_s09 - Count 7 game 15,2026-08-08,Obinger_Alphons,225,Gubbstyv,105,,,,,2
RL_s09 - Count 7 game 20,2026-08-08,sTeVej,53,gamblerch,-2,,,,,2
RL_s09 - Emperor game 19,2026-08-08,wolvs,216,Gilgamesh2,196,,,,,2
RL_s09 - Emperor game 7,2026-08-08,yaop,101,Martin_Pecheur,-2,,,,,2
RL_s09 - King game 10,2026-08-08,Vovka,322,Weidenbaum,319,,,,,2
RL_s09 - Knight 2 game 13,2026-08-08,Bookhouseboy,252,Monik,197,,,,,2
RL_s09 - Knight 2 game 6,2026-08-08,Claudius74,102,Redda,88,,,,,2
RL_s09 - Marquess 4 game 13,2026-08-08,MurphyAKL,226,Vangelisb,207,,,,,2
RL_s09 - Prince 2 game 16,2026-08-08,Yookie,255,Pitor,157,,,,,2
RL_s09 - Prince 2 game 19,2026-08-08,Allfather,139,LittleBob,100,,,,,2
RL_s09 - Viscount 1 game 6,2026-08-08,jonzewiespike,139,Bizniouf,115,,,,,2
RL_s09 - Viscount 3 game 16,2026-08-08,Oleksandr,295,Mike1313,272,,,,,2
RL_s09 - Viscount 3 game 20,2026-08-08,pdx,210,Mike1313,120,,,,,2
RL_s09 - Viscount 5 game 20,2026-08-08,northlynx,178,Darain,116,,,,,2
RL_s09 - Viscount 6 game 16,2026-08-08,EugeneB,183,ShPini,157,,,,,2
RL_s09 - Viscount 9 game 5,2026-08-08,Jerry2017,221,TheElk,149,,,,,2
RL_s09 - Baron 1 game 19,2026-08-09,Krex,252,kabel2,154,,,,,2
RL_s09 - Baron 10 game 7,2026-08-09,Tomy_hexaper,173,comant,150,,,,,2
RL_s09 - Baron 15 game 7,2026-08-09,vgiannog,173,DucciEmi,141,,,,,2
RL_s09 - Baron 17 game 13,2026-08-09,FrenkDeTank,162,tysat,125,,,,,2
RL_s09 - Baron 20 game 7,2026-08-09,McNulty,210,Dienekes,99,,,,,2
RL_s09 - Baron 5 game 19,2026-08-09,JoshyWiggins,237,JS619,112,,,,,2
RL_s09 - Baron 7 game 19,2026-08-09,nolucknoskill,73,Amitke,-2,,,,,2
RL_s09 - Baron 8 game 10,2026-08-09,Rick80,140,MrGekz,-5,,,,,2
RL_s09 - Baron 8 game 15,2026-08-09,Sirovec,152,MrGekz,-5,,,,,2
RL_s09 - Baron 8 game 7,2026-08-09,redantx,137,silverpaun,127,,,,,2
RL_s09 - Count 1 game 12,2026-08-09,belowfox,153,wartin,141,,,,,2
RL_s09 - Count 3 game 15,2026-08-09,Sunmaster14_LV,177,Turdle,148,,,,,2
RL_s09 - Count 3 game 7,2026-08-09,Garghiii,186,lol1,166,,,,,2
RL_s09 - Count 7 game 21,2026-08-09,sTeVej,129,Nepgear,46,,,,,2
RL_s09 - King game 13,2026-08-09,Vovka,258,mwi,219,,,,,2
RL_s09 - King game 7,2026-08-09,mwi,221,FirstOfDao,197,,,,,2
RL_s09 - Knight 1 game 20,2026-08-09,Imiter,184,Rebel_Rebs,150,,,,,2
RL_s09 - Marquess 4 game 6,2026-08-09,Beebs,206,Dayvs,165,,,,,2
RL_s09 - Marquess 5 game 16,2026-08-09,Malakesh,180,Notbot66,165,,,,,2
RL_s09 - Prince 1 game 7,2026-08-09,Dantes,306,Kesterer,240,,,,,2
RL_s09 - Viscount 12 game 19,2026-08-09,humanmoves,181,docpain,175,,,,,2
RL_s09 - Viscount 13 game 7,2026-08-09,St-Amadeus,261,J-dog,247,,,,,2
RL_s09 - Viscount 2 game 16,2026-08-09,jacksonray,217,ChunkySam,140,,,,,2
RL_s09 - Viscount 2 game 18,2026-08-09,Kermit19,213,jacksonray,144,,,,,2
RL_s09 - Viscount 8 game 12,2026-08-09,Nightvayne,200,ThePerceptiveGamer,154,,,,,2
RL_s09 - Viscount 8 game 7,2026-08-09,Pieroz88,206,BirdOfPreyyy,151,,,,,2
RL_s09 - Baron 12 game 12,2026-08-10,TeriyakiJaccuzi,149,Micha501,100,,,,,2
RL_s09 - Baron 14 game 16,2026-08-10,AdumbusPrime,205,tnawrocki,200,,,,,2
RL_s09 - Baron 14 game 19,2026-08-10,Bergen,216,clemy,155,,,,,2
RL_s09 - Baron 18 game 12,2026-08-10,Francesco1812,207,Vegeta4791,109,,,,,2
RL_s09 - Baron 19 game 12,2026-08-10,Modiarty,191,tronnemann,180,,,,,2
RL_s09 - Baron 19 game 16,2026-08-10,Netrom,157,SullyWully,126,,,,,2
RL_s09 - Baron 3 game 18,2026-08-10,Nitrosaurus24,118,Dzsabo,105,,,,,2
RL_s09 - Baron 5 game 15,2026-08-10,JoshyWiggins,188,akira215,172,,,,,2
RL_s09 - Baron 6 game 16,2026-08-10,scaggi,220,Csannerud,143,,,,,2
RL_s09 - Baron 7 game 6,2026-08-10,Franzy,179,Ioannis3,113,,,,,2
RL_s09 - Count 4 game 19,2026-08-10,schwam,137,Tasku,130,,,,,2
RL_s09 - Duke 1 game 12,2026-08-10,Bad_Horse,288,NFGM,273,,,,,2
RL_s09 - Duke 1 game 15,2026-08-10,holy834,238,Praetorianer,143,,,,,2
RL_s09 - Duke 1 game 16,2026-08-10,Doobie,145,holy834,112,,,,,2
RL_s09 - Knight 1 game 19,2026-08-10,Saph4ir,152,Rebel_Rebs,134,,,,,2
RL_s09 - Knight 1 game 21,2026-08-10,Rebel_Rebs,161,VladBenez,-5,,,,,2
RL_s09 - Knight 3 game 15,2026-08-10,Kruch,246,gutibudoka,138,,,,,2
RL_s09 - Marquess 1 game 16,2026-08-10,drodriguez,232,kevinsbane,206,,,,,2
RL_s09 - Marquess 1 game 7,2026-08-10,tianren4561367,218,flutter,159,,,,,2
RL_s09 - Marquess 2 game 13,2026-08-10,Vortex1612,307,Adamez,137,,,,,2
RL_s09 - Marquess 3 game 15,2026-08-10,DarKStyle,174,raist,132,,,,,2
RL_s09 - Marquess 4 game 20,2026-08-10,llsgnm,146,HeirOfValyria,139,,,,,2
RL_s09 - Marquess 5 game 15,2026-08-10,Malakesh,189,CrownKiller,140,,,,,2
RL_s09 - Marquess 5 game 20,2026-08-10,Notbot66,169,gabev,141,,,,,2
RL_s09 - Marquess 5 game 21,2026-08-10,FenPlays,175,gabev,164,,,,,2
RL_s09 - Marquess 5 game 7,2026-08-10,Sakic19,164,tupper,147,,,,,2
RL_s09 - Viscount 11 game 15,2026-08-10,SafeT,157,Rasputin,51,,,,,2
RL_s09 - Viscount 11 game 19,2026-08-10,t-k-421,201,SafeT,191,,,,,2
RL_s09 - Viscount 11 game 6,2026-08-10,Graypilgrim,274,sms18004,46,,,,,2
RL_s09 - Viscount 12 game 12,2026-08-10,Asperins,143,Kejml,129,,,,,2
RL_s09 - Viscount 13 game 19,2026-08-10,JoopHuizinga,289,SeanHandley,197,,,,,2
RL_s09 - Viscount 3 game 12,2026-08-10,wittr,165,Pulpecja,107,,,,,2
RL_s09 - Viscount 4 game 12,2026-08-10,Depp,135,Cooper,128,,,,,2
RL_s09 - Viscount 4 game 16,2026-08-10,Kelern,179,Kimmo,146,,,,,2
RL_s09 - Viscount 5 game 16,2026-08-10,Darain,196,tue2k,193,,,,,2
RL_s09 - Viscount 6 game 19,2026-08-10,Silvester,186,Sirkopczyk,154,,,,,2
RL_s09 - Viscount 7 game 12,2026-08-10,saiggo16,139,Cresspahl,92,,,,,2
RL_s09 - Viscount 7 game 16,2026-08-10,Sarek,133,Conzi,115,,,,,2
RL_s09 - Viscount 7 game 7,2026-08-10,Terence,206,Michal_Kossakowski,205,,,,,2
RL_s09 - Baron 1 game 12,2026-08-11,Rudiz,179,oleKanin,146,,,,,2
RL_s09 - Baron 10 game 16,2026-08-11,Crs,141,ClaridadNocturna,132,,,,,2
RL_s09 - Baron 10 game 19,2026-08-11,RiRu,134,IrenaX,115,,,,,2
RL_s09 - Baron 11 game 13,2026-08-11,amadeo,236,RJonkers,98,,,,,2
RL_s09 - Baron 11 game 19,2026-08-11,andykr,203,Gympanse,177,,,,,2
RL_s09 - Baron 11 game 6,2026-08-11,bcnoexceptions,145,Bigsbyben,-5,,,,,2
RL_s09 - Baron 13 game 12,2026-08-11,Victory7,142,OodOok,-5,,,,,2
RL_s09 - Baron 13 game 16,2026-08-11,Rob13,190,justnomame,151,,,,,2
RL_s09 - Baron 14 game 12,2026-08-11,Garban7,184,Andreyko2003,80,,,,,2
RL_s09 - Baron 14 game 6,2026-08-11,Garban7,260,Jesaphi,211,,,,,2
RL_s09 - Baron 15 game 15,2026-08-11,Spudman,152,icepick_mn,111,,,,,2
RL_s09 - Baron 16 game 19,2026-08-11,MajorGaz,118,Aaronwebber,118,,,,,2
RL_s09 - Baron 17 game 12,2026-08-11,tysat,155,Sopelek,-5,,,,,2
RL_s09 - Baron 20 game 20,2026-08-11,Lammoth,229,CuJ,159,,,,,2
RL_s09 - Baron 3 game 19,2026-08-11,CloneFish,235,HumusAmongUs,183,,,,,2
RL_s09 - Baron 4 game 19,2026-08-11,Vanillehahn,193,migoet,99,,,,,2
RL_s09 - Baron 6 game 12,2026-08-11,sirlenon,263,Bonneville22,-5,,,,,2
RL_s09 - Count 1 game 16,2026-08-11,cyb3k,242,Trond79,125,,,,,2
RL_s09 - Count 3 game 12,2026-08-11,taltal,172,TorbenOfHerpes,108,,,,,2
RL_s09 - Count 5 game 7,2026-08-11,Spartan1337,276,Watlersen,236,,,,,2
RL_s09 - Duke 3 game 16,2026-08-11,Sellux,241,Icallhimtest,195,,,,,2
RL_s09 - Emperor game 16,2026-08-11,DANeo,146,Grozz,103,,,,,2
RL_s09 - Knight 1 game 16,2026-08-11,vito,169,Imiter,139,,,,,2
RL_s09 - Knight 2 game 15,2026-08-11,Dunketelin,161,Icarium,135,,,,,2
RL_s09 - Knight 3 game 12,2026-08-11,jmcj,183,Jume,167,,,,,2
RL_s09 - Knight 3 game 19,2026-08-11,Largos,299,gutibudoka,159,,,,,2
RL_s09 - Marquess 2 game 19,2026-08-11,fathope,163,maunzzz,149,,,,,2
RL_s09 - Marquess 2 game 7,2026-08-11,ChipsAhoya,252,Adamez,160,,,,,2
RL_s09 - Marquess 3 game 19,2026-08-11,roverandom,97,raist,-2,,,,,2
RL_s09 - Marquess 4 game 12,2026-08-11,Dayvs,193,MurphyAKL,150,,,,,2
RL_s09 - Prince 2 game 7,2026-08-11,pv4,177,Dazzy,159,,,,,2
RL_s09 - Viscount 1 game 15,2026-08-11,KidCanuck,237,xeveli,145,,,,,2
RL_s09 - Viscount 1 game 7,2026-08-11,henrymerrivale,224,jonzewiespike,201,,,,,2
RL_s09 - Viscount 10 game 7,2026-08-11,LeonidasI,199,DonStino,150,,,,,2
RL_s09 - Viscount 13 game 20,2026-08-11,SeanHandley,173,Arkadiussus,162,,,,,2
RL_s09 - Viscount 2 game 13,2026-08-11,Kermit19,189,kev5047,154,,,,,2
RL_s09 - Viscount 2 game 19,2026-08-11,Caveman90,115,Maharaj_JD,-2,,,,,2
RL_s09 - Viscount 2 game 6,2026-08-11,FlyGon,179,firlefanzer,68,,,,,2
RL_s09 - Viscount 5 game 6,2026-08-11,Prashanth,175,Gabilou,125,,,,,2
RL_s09 - Viscount 6 game 6,2026-08-11,Tomtomparking,203,Diogenes,133,,,,,2
RL_s09 - Viscount 9 game 20,2026-08-11,TheElk,134,joecackler,72,,,,,2
RL_s09 - Baron 12 game 13,2026-08-12,hypodg,224,TeriyakiJaccuzi,175,,,,,2
RL_s09 - Baron 16 game 12,2026-08-12,MarcoM,217,Olunia,215,,,,,2
RL_s09 - Baron 17 game 16,2026-08-12,Purplegoo,128,Sathran,-5,,,,,2
RL_s09 - Baron 17 game 21,2026-08-12,Dimitris,162,Sopelek,148,,,,,2
RL_s09 - Baron 18 game 20,2026-08-12,Ekdezel,236,omoi,196,,,,,2
RL_s09 - Baron 19 game 19,2026-08-12,Darkksun,205,chris223,161,,,,,2
RL_s09 - Baron 2 game 12,2026-08-12,BitterBlossom,185,Vi15So17,120,,,,,2
RL_s09 - Baron 4 game 13,2026-08-12,Daze,165,FireBones,157,,,,,2
RL_s09 - Baron 4 game 16,2026-08-12,maciek,260,tjreasoner,246,,,,,2
RL_s09 - Baron 8 game 16,2026-08-12,Tasso,207,Sirovec,126,,,,,2
RL_s09 - Baron 9 game 19,2026-08-12,refs,185,Merclaw,163,,,,,2
RL_s09 - Count 1 game 6,2026-08-12,Nostradamus5321,149,wartin,100,,,,,2
RL_s09 - Count 2 game 13,2026-08-12,Saerleon,194,M.T,117,,,,,2
RL_s09 - Count 8 game 12,2026-08-12,ElKhan,282,lhrljr,275,,,,,2
RL_s09 - Count 8 game 20,2026-08-12,GoblinMatron,178,Mephist,177,,,,,2
RL_s09 - Count 8 game 7,2026-08-12,Daemon3142,144,Gelato,-2,,,,,2
RL_s09 - Duke 1 game 7,2026-08-12,MidnightFox,201,Lander90,188,,,,,2
RL_s09 - Duke 2 game 20,2026-08-12,GerisNezus,312,Gutemetralla,274,,,,,2
RL_s09 - Duke 3 game 19,2026-08-12,Kroplasowy,123,ben0728,116,,,,,2
RL_s09 - King game 19,2026-08-12,Weidenbaum,319,Arne,265,,,,,2
RL_s09 - Knight 2 game 7,2026-08-12,Bookhouseboy,95,Redda,-2,,,,,2
RL_s09 - Marquess 1 game 12,2026-08-12,GrandHedgehog,44,TheKrunk,-2,,,,,2
RL_s09 - Viscount 12 game 7,2026-08-12,Spence2102,192,PacoHolliday,148,,,,,2
RL_s09 - Viscount 3 game 7,2026-08-12,Michcio,228,petrau77,165,,,,,2
RL_s09 - Viscount 4 game 19,2026-08-12,DieKrake89,257,LeBonus,133,,,,,2
RL_s09 - Viscount 5 game 12,2026-08-12,Prashanth,193,Proteus,160,,,,,2
RL_s09 - Viscount 5 game 7,2026-08-12,Sawell,169,Gabilou,136,,,,,2
RL_s09 - Viscount 9 game 12,2026-08-12,Panthera,364,CRocky,197,,,,,2
RL_s09 - Baron 1 game 16,2026-08-13,LordTheodore,223,Legoman,214,,,,,2
RL_s09 - Baron 11 game 12,2026-08-13,bcnoexceptions,133,amadeo,115,,,,,2
RL_s09 - Baron 17 game 18,2026-08-13,FrenkDeTank,270,Sathran,-5,,,,,2
RL_s09 - Baron 18 game 7,2026-08-13,verbalg,157,NateHiggersonJR,121,,,,,2
RL_s09 - Baron 19 game 7,2026-08-13,InGodWeTrust,283,KTown,179,,,,,2
RL_s09 - Baron 2 game 13,2026-08-13,JohnnyMac,215,BitterBlossom,180,,,,,2
RL_s09 - Baron 20 game 19,2026-08-13,ecec,117,Lammoth,-2,,,,,2
RL_s09 - Baron 21 game 7,2026-08-13,Marabu8,233,Jmstoic,162,,,,,2
RL_s09 - Baron 3 game 13,2026-08-13,Dzsabo,170,AnBeLi3v4bLe,98,,,,,2
RL_s09 - Baron 3 game 15,2026-08-13,HumusAmongUs,167,Nitrosaurus24,125,,,,,2
RL_s09 - Baron 6 game 19,2026-08-13,Hampsink,160,joniboni,130,,,,,2
RL_s09 - Baron 7 game 12,2026-08-13,Franzy,189,zackg,158,,,,,2
RL_s09 - Baron 8 game 12,2026-08-13,Rick80,197,KTMatthews,108,,,,,2
RL_s09 - Baron 9 game 12,2026-08-13,jdtyler7,57,Gr33ny,-2,,,,,2
RL_s09 - Baron 9 game 5,2026-08-13,RougeEconomist,178,Tyrtaios,163,,,,,2
RL_s09 - Count 2 game 12,2026-08-13,StonedHenge420,190,Saerleon,156,,,,,2
RL_s09 - Count 4 game 16,2026-08-13,bryanckh,159,Herdeksunek,74,,,,,2
RL_s09 - Count 5 game 16,2026-08-13,Rolls.Royal,175,Garlett,125,,,,,2
RL_s09 - Count 6 game 12,2026-08-13,xiaoduan,185,sergilicious,176,,,,,2
RL_s09 - Count 6 game 16,2026-08-13,mikemast,203,nerficya,173,,,,,2
RL_s09 - Count 7 game 7,2026-08-13,kenchan,209,santhosh163,204,,,,,2
RL_s09 - Duke 2 game 12,2026-08-13,MrBiz,244,SwaulgustusCaesar,180,,,,,2
RL_s09 - Duke 3 game 12,2026-08-13,BlixLT,117,ed_vins,-2,,,,,2
RL_s09 - Knight 2 game 12,2026-08-13,Monik,202,Claudius74,183,,,,,2
RL_s09 - Marquess 3 game 12,2026-08-13,ysiad,181,ERock37,155,,,,,2
RL_s09 - Marquess 3 game 16,2026-08-13,Flower4,165,DarKStyle,153,,,,,2
RL_s09 - Marquess 4 game 16,2026-08-13,jantteri,150,llsgnm,114,,,,,2
RL_s09 - Marquess 5 game 6,2026-08-13,FenPlays,218,tupper,173,,,,,2
RL_s09 - Viscount 10 game 12,2026-08-13,wolfcub41,143,nattee,59,,,,,2
RL_s09 - Viscount 11 game 12,2026-08-13,Graypilgrim,203,MBlueMan,144,,,,,2
RL_s09 - Viscount 5 game 19,2026-08-13,northlynx,202,Kaczas,166,,,,,2
RL_s09 - Viscount 6 game 13,2026-08-13,DavidSegoviano,151,abobey,69,,,,,2
RL_s09 - Viscount 7 game 19,2026-08-13,phoang,209,martinxjames,192,,,,,2
RL_s09 - Viscount 9 game 19,2026-08-13,joecackler,143,rabalder,138,,,,,2
RL_s09 - Viscount 9 game 7,2026-08-13,Jerry2017,170,ChampDeGlace,168,,,,,2
RL_s09 - Baron 17 game 7,2026-08-14,FrenkDeTank,363,Exile,126,,,,,2
RL_s09 - Baron 21 game 6,2026-08-14,Likas11,220,Jmstoic,200,,,,,2
RL_s09 - Baron 6 game 7,2026-08-14,pj79,233,michasz,197,,,,,2
RL_s09 - Baron 7 game 16,2026-08-14,irule,194,greyshade,138,,,,,2
RL_s09 - Count 7 game 16,2026-08-14,gamblerch,183,Gubbstyv,139,,,,,2
RL_s09 - King game 16,2026-08-14,Kolo,194,RestlessMe,115,,,,,2
RL_s09 - Knight 2 game 19,2026-08-14,Dunketelin,136,MeteorisVulcanus,122,,,,,2
RL_s09 - Marquess 1 game 19,2026-08-14,Muning,167,richardhell,165,,,,,2
RL_s09 - Marquess 2 game 12,2026-08-14,BoatyMcBoatface,145,Vortex1612,121,,,,,2
RL_s09 - Prince 1 game 15,2026-08-14,Rajeev,159,syras,140,,,,,2
RL_s09 - Viscount 1 game 16,2026-08-14,Zegs,207,KidCanuck,157,,,,,2
RL_s09 - Viscount 8 game 16,2026-08-14,Quokka,186,BuWu,133,,,,,2
RL_s09 - Baron 13 game 19,2026-08-15,Captn4wesome,162,OrionAlpha,159,,,,,2
RL_s09 - Baron 13 game 7,2026-08-15,Caligulala,126,Izayoi,-2,,,,,2
RL_s09 - Baron 16 game 16,2026-08-15,brumynut,231,Alfonsillo,221,,,,,2
RL_s09 - Baron 17 game 15,2026-08-15,saZmer,281,Sathran,-5,,,,,2
RL_s09 - Baron 21 game 16,2026-08-15,pavelceska,178,Impr,123,,,,,2
RL_s09 - Baron 3 game 6,2026-08-15,V.Lustig,220,HolyOutlaw,161,,,,,2
RL_s09 - Baron 3 game 7,2026-08-15,Dzsabo,134,V.Lustig,81,,,,,2
RL_s09 - Baron 4 game 12,2026-08-15,FireBones,151,Froggy42,106,,,,,2
RL_s09 - Baron 5 game 13,2026-08-15,Izio,98,luigino71,88,,,,,2
RL_s09 - Baron 7 game 7,2026-08-15,baggioka,84,Ioannis3,82,,,,,2
RL_s09 - Baron 9 game 16,2026-08-15,Tyrtaios,210,mooscolly,155,,,,,2
RL_s09 - Count 1 game 19,2026-08-15,jhutc,204,guppyfry,145,,,,,2
RL_s09 - Count 1 game 7,2026-08-15,Nostradamus5321,191,Bathman,127,,,,,2
RL_s09 - Count 2 game 7,2026-08-15,M.T,173,AndriiN,125,,,,,2
RL_s09 - Count 6 game 7,2026-08-15,vagrantil,202,Padishar,150,,,,,2
RL_s09 - Count 7 game 6,2026-08-15,Nepgear,262,kenchan,205,,,,,2
RL_s09 - Count 8 game 16,2026-08-15,Mario86,160,GoblinMatron,104,,,,,2
RL_s09 - King game 15,2026-08-15,Weidenbaum,260,Kolo,226,,,,,2
RL_s09 - Knight 1 game 12,2026-08-15,MyriamVanErum,264,VladBenez,-5,,,,,2
RL_s09 - Knight 3 game 7,2026-08-15,Mitchum,133,johnboy,109,,,,,2
RL_s09 - Prince 1 game 13,2026-08-15,Drikhen,139,Dantes,105,,,,,2
RL_s09 - Viscount 1 game 19,2026-08-15,TheYoungDutch,106,xeveli,48,,,,,2
RL_s09 - Viscount 13 game 12,2026-08-15,Pshemo,216,chefung,181,,,,,2
RL_s09 - Baron 11 game 7,2026-08-16,RJonkers,146,Bigsbyben,-5,,,,,2
RL_s09 - Baron 15 game 12,2026-08-16,Mockingbird5,135,mahlerian_shadow,114,,,,,2
RL_s09 - Baron 18 game 19,2026-08-16,Ekdezel,220,Everex,211,,,,,2
RL_s09 - Baron 2 game 19,2026-08-16,HRG,162,ArthursDad,130,,,,,2
RL_s09 - Baron 20 game 16,2026-08-16,CuJ,166,tiffelvet,159,,,,,2
RL_s09 - Baron 5 game 16,2026-08-16,Kivok,181,akira215,114,,,,,2
RL_s09 - Baron 5 game 7,2026-08-16,Wiktor,183,luigino71,175,,,,,2
RL_s09 - Baron 9 game 6,2026-08-16,RougeEconomist,238,Gr33ny,151,,,,,2
RL_s09 - Count 5 game 20,2026-08-16,Garlett,229,Gudimundi,203,,,,,2
RL_s09 - Count 6 game 19,2026-08-16,Barnes,206,MindKillazz,-5,,,,,2
RL_s09 - Count 7 game 19,2026-08-16,sTeVej,251,Obinger_Alphons,235,,,,,2
RL_s09 - Duke 1 game 19,2026-08-16,Sektat,185,Praetorianer,163,,,,,2
RL_s09 - Duke 2 game 15,2026-08-16,Cogito3,181,daimx,-5,,,,,2
RL_s09 - Duke 2 game 16,2026-08-16,GerisNezus,227,daimx,-5,,,,,2
RL_s09 - Duke 2 game 6,2026-08-16,Unterjochen,215,MrBiz,185,,,,,2
RL_s09 - Duke 2 game 7,2026-08-16,Unterjochen,304,zcx,300,,,,,2
RL_s09 - Knight 1 game 6,2026-08-16,luckrider,108,VladBenez,-5,,,,,2
RL_s09 - Marquess 2 game 15,2026-08-16,Shagrat,160,fathope,137,,,,,2
RL_s09 - Prince 1 game 20,2026-08-16,Majondor,237,Arcee,173,,,,,2
RL_s09 - Prince 2 game 12,2026-08-16,daggsea,200,CaesarSalah,156,,,,,2
RL_s09 - Viscount 10 game 16,2026-08-16,Gandy,185,IpaStian,146,,,,,2
RL_s09 - Viscount 2 game 12,2026-08-16,FlyGon,154,kev5047,129,,,,,2
RL_s09 - Viscount 6 game 7,2026-08-16,DavidSegoviano,176,Tomtomparking,175,,,,,2
RL_s09 - Baron 16 game 6,2026-08-17,MarcoM,180,RoboKay314,121,,,,,2
RL_s09 - Baron 18 game 16,2026-08-17,Dubz,133,omoi,-2,,,,,2
RL_s09 - Baron 20 game 12,2026-08-17,Polldrake,168,Larsusvonundzu,146,,,,,2
RL_s09 - Baron 21 game 12,2026-08-17,Likas11,195,Cristiancordeu,122,,,,,2
RL_s09 - Baron 3 game 12,2026-08-17,HolyOutlaw,142,AnBeLi3v4bLe,94,,,,,2
RL_s09 - Baron 8 game 19,2026-08-17,anonaki,222,MrGekz,189,,,,,2
RL_s09 - Count 4 game 7,2026-08-17,aivin,94,xYotsuba,-2,,,,,2
RL_s09 - Count 5 game 10,2026-08-17,Hotti180,134,Noa1,-5,,,,,2
RL_s09 - Count 6 game 20,2026-08-17,MindKillazz,217,mikemast,123,,,,,2
RL_s09 - Prince 1 game 12,2026-08-17,dellcan,65,Drikhen,-2,,,,,2
RL_s09 - Prince 1 game 16,2026-08-17,Arcee,300,Rajeev,296,,,,,2
RL_s09 - Viscount 12 game 16,2026-08-17,Ddafaith,175,SKJaCaRD,155,,,,,2
RL_s09 - Viscount 13 game 16,2026-08-17,Pavnco,44,Arkadiussus,-2,,,,,2
RL_s09 - Viscount 9 game 16,2026-08-17,TheElk,130,javimb89,117,,,,,2
RL_s09 - Baron 14 game 7,2026-08-18,Jesaphi,271,Moskbnea,168,,,,,2
RL_s09 - Baron 3 game 16,2026-08-18,ZioKhan,265,Nitrosaurus24,97,,,,,2
RL_s09 - Baron 4 game 7,2026-08-18,Daze,203,BGTigger,183,,,,,2
RL_s09 - Count 5 game 13,2026-08-18,Spartan1337,213,Hotti180,104,,,,,2
RL_s09 - Count 8 game 19,2026-08-18,Mephist,169,vbogoev,-5,,,,,2
RL_s09 - Knight 3 game 16,2026-08-18,Kruch,158,metternich,126,,,,,2
RL_s09 - Marquess 3 game 7,2026-08-18,eggmancs,211,poikai2,189,,,,,2
RL_s09 - Marquess 5 game 19,2026-08-18,gabev,158,CrownKiller,145,,,,,2
RL_s09 - Prince 1 game 10,2026-08-18,Drikhen,168,syras,154,,,,,2
RL_s09 - Baron 12 game 19,2026-08-19,Cleveman,145,skab12,121,,,,,2
RL_s09 - Baron 17 game 19,2026-08-19,saZmer,88,Dimitris,-2,,,,,2
RL_s09 - Duke 3 game 7,2026-08-19,Gagic,103,Momomillion,-5,,,,,2
RL_s09 - Emperor game 12,2026-08-19,saru,212,Raffaello,200,,,,,2
RL_s09 - Prince 1 game 19,2026-08-19,Majondor,91,syras,-2,,,,,2
RL_s09 - Viscount 6 game 12,2026-08-19,abobey,233,Diogenes,199,,,,,2
RL_s09 - Baron 15 game 19,2026-08-20,Spudman,180,sodalppargkppakee,178,,,,,2
RL_s09 - Baron 9 game 7,2026-08-20,RougeEconomist,188,etJake,133,,,,,2
RL_s09 - Count 5 game 12,2026-08-20,Hotti180,219,theussner79,132,,,,,2
RL_s09 - Knight 2 game 16,2026-08-20,BuddhaBoost,203,Icarium,169,,,,,2
RL_s09 - Marquess 2 game 16,2026-08-20,Masox,179,Shagrat,154,,,,,2
RL_s09 - Viscount 11 game 16,2026-08-20,Pudroe,177,Rasputin,168,,,,,2
RL_s09 - Viscount 2 game 7,2026-08-20,Kermit19,231,firlefanzer,183,,,,,2
RL_s09 - Viscount 3 game 19,2026-08-20,SirDaan,198,pdx,108,,,,,2
RL_s09 - Baron 12 game 7,2026-08-21,Jochabeth,240,hypodg,211,,,,,2
RL_s09 - Baron 5 game 12,2026-08-21,Izio,185,Fullynice,126,,,,,2
RL_s09 - King game 12,2026-08-21,darwinian,192,Vovka,163,,,,,2
RL_s09 - Knight 1 game 7,2026-08-21,luckrider,166,Shiffdog,15,,,,,2
RL_s09 - Marquess 4 game 19,2026-08-21,Dread_84,199,HeirOfValyria,174,,,,,2
RL_s09 - Marquess 4 game 7,2026-08-21,Beebs,241,Vangelisb,158,,,,,2
RL_s09 - Viscount 1 game 12,2026-08-21,Bizniouf,172,Cat12,92,,,,,2
RL_s09 - Viscount 11 game 7,2026-08-21,Kor,280,sms18004,-5,,,,,2
RL_s09 - Count 3 game 16,2026-08-22,Sunmaster14_LV,170,JimmyLin,137,,,,,2
RL_s09 - Viscount 4 game 7,2026-08-22,jjk,159,Wennejoekel,141,,,,,2
RL_s09 - Baron 2 game 7,2026-08-23,JohnnyMac,119,WraightCZ,-2,,,,,2
RL_s09 - Marquess 5 game 12,2026-08-23,FenPlays,142,Gyphon,98,,,,,2
RL_s09 - Count 2 game 19,2026-08-24,Bull3,178,Firedart,160,,,,,2
RL_s09 - Count 5 game 19,2026-08-25,Noa1,170,Gudimundi,125,,,,,2
RL_s09 - Count 7 game 12,2026-08-25,Nepgear,188,snakilan,-5,,,,,2
RL_s09 - Duke 2 game 19,2026-08-25,Gutemetralla,311,Cogito3,223,,,,,2
RL_tb_s09 - Best Baron 1 game 1,2026-08-31,scaggi,158,LordTheodore,150,,,,,2
RL_tb_s09 - Best Baron 2 game 1,2026-08-31,nolucknoskill,248,bcnoexceptions,195,,,,,2
RL_tb_s09 - Best Baron 3 game 1,2026-08-31,FrenkDeTank,149,McNulty,-2,,,,,2
RL_tb_s09 - Best Duke game 1,2026-08-31,Kroplasowy,295,Unterjochen,265,,,,,2
RL_tb_s09 - Best Viscount 1 game 1,2026-08-31,Silvester,36,Jerry2017,-2,,,,,2
RL_tb_s09 - Best Viscount 2 game 1,2026-08-31,Pavnco,214,LeonidasI,162,,,,,2
RL_tb_s09 - Best of Marquess game 1,2026-08-31,ysiad,124,tianren4561367,79,,,,,2
RL_tb_s09 - Best of Marquess game 2,2026-08-31,tianren4561367,178,jantteri,60,,,,,2
RL_tb_s09 - Best of Marquess game 3,2026-08-31,jantteri,235,ysiad,161,,,,,2
RL_tb_s09 - Duke 3 pl.4-6 game 1,2026-08-31,BlixLT,146,Momomillion,115,,,,,2
RL_tb_s09 - Duke 3 pl.4-6 game 2,2026-08-31,Sellux,208,Momomillion,204,,,,,2
RL_tb_s09 - Duke 3 pl.4-6 game 3,2026-08-31,BlixLT,161,Sellux,143,,,,,2
RL_tb_s09 - King pl.7-8 game 1,2026-08-31,FirstOfDao,142,RestlessMe,140,,,,,2
RL_tb_s09 - Marquess 3 pl.4-6 game 1,2026-08-31,Flower4,200,eggmancs,141,,,,,2
RL_tb_s09 - Marquess 3 pl.4-6 game 2,2026-08-31,DarKStyle,142,eggmancs,92,,,,,2
RL_tb_s09 - Marquess 3 pl.4-6 game 3,2026-08-31,DarKStyle,228,Flower4,170,,,,,2
